r,store,emphasis,word
full,Saks,normal,fouRth
full,Saks,normal,fouRth
full,Saks,normal,fouRth
full,Saks,normal,fouRth
full,Saks,normal,fouRth
full,Saks,normal,fouRth
full,Saks,normal,fouRth
full,Saks,normal,fouRth
full,Saks,normal,fouRth
full,Saks,normal,fouRth
full,Saks,normal,fouRth
full,Saks,normal,fouRth
full,Saks,normal,fouRth
full,Saks,normal,fouRth
full,Saks,normal,fouRth
full,Saks,normal,fouRth
full,Saks,normal,flooR
full,Saks,normal,flooR
full,Saks,normal,flooR
full,Saks,normal,flooR
full,Saks,normal,flooR
full,Saks,normal,flooR
full,Saks,normal,flooR
full,Saks,normal,flooR
full,Saks,normal,flooR
full,Saks,normal,flooR
full,Saks,normal,flooR
full,Saks,normal,flooR
full,Saks,normal,flooR
full,Saks,normal,flooR
full,Saks,normal,flooR
full,Saks,normal,flooR
full,Saks,normal,flooR
full,Saks,normal,flooR
full,Saks,normal,flooR
full,Saks,normal,flooR
full,Saks,normal,flooR
full,Saks,normal,flooR
full,Saks,normal,flooR
full,Saks,normal,flooR
full,Saks,normal,flooR
full,Saks,normal,flooR
full,Saks,normal,flooR
full,Saks,normal,flooR
full,Saks,normal,flooR
full,Saks,normal,flooR
full,Saks,normal,flooR
full,Saks,emphatic,fouRth
full,Saks,emphatic,fouRth
full,Saks,emphatic,fouRth
full,Saks,emphatic,fouRth
full,Saks,emphatic,fouRth
full,Saks,emphatic,fouRth
full,Saks,emphatic,fouRth
full,Saks,emphatic,fouRth
full,Saks,emphatic,fouRth
full,Saks,emphatic,fouRth
full,Saks,emphatic,fouRth
full,Saks,emphatic,fouRth
full,Saks,emphatic,fouRth
full,Saks,emphatic,fouRth
full,Saks,emphatic,fouRth
full,Saks,emphatic,fouRth
full,Saks,emphatic,flooR
full,Saks,emphatic,flooR
full,Saks,emphatic,flooR
full,Saks,emphatic,flooR
full,Saks,emphatic,flooR
full,Saks,emphatic,flooR
full,Saks,emphatic,flooR
full,Saks,emphatic,flooR
full,Saks,emphatic,flooR
full,Saks,emphatic,flooR
full,Saks,emphatic,flooR
full,Saks,emphatic,flooR
full,Saks,emphatic,flooR
full,Saks,emphatic,flooR
full,Saks,emphatic,flooR
full,Saks,emphatic,flooR
full,Saks,emphatic,flooR
full,Saks,emphatic,flooR
full,Saks,emphatic,flooR
full,Saks,emphatic,flooR
full,Saks,emphatic,flooR
full,Macy's,normal,fouRth
full,Macy's,normal,fouRth
full,Macy's,normal,fouRth
full,Macy's,normal,fouRth
full,Macy's,normal,fouRth
full,Macy's,normal,fouRth
full,Macy's,normal,fouRth
full,Macy's,normal,fouRth
full,Macy's,normal,fouRth
full,Macy's,normal,fouRth
full,Macy's,normal,fouRth
full,Macy's,normal,fouRth
full,Macy's,normal,fouRth
full,Macy's,normal,fouRth
full,Macy's,normal,fouRth
full,Macy's,normal,fouRth
full,Macy's,normal,fouRth
full,Macy's,normal,fouRth
full,Macy's,normal,fouRth
full,Macy's,normal,fouRth
full,Macy's,normal,fouRth
full,Macy's,normal,fouRth
full,Macy's,normal,fouRth
full,Macy's,normal,fouRth
full,Macy's,normal,fouRth
full,Macy's,normal,fouRth
full,Macy's,normal,fouRth
full,Macy's,normal,fouRth
full,Macy's,normal,fouRth
full,Macy's,normal,fouRth
full,Macy's,normal,fouRth
full,Macy's,normal,fouRth
full,Macy's,normal,fouRth
full,Macy's,normal,flooR
full,Macy's,normal,flooR
full,Macy's,normal,flooR
full,Macy's,normal,flooR
full,Macy's,normal,flooR
full,Macy's,normal,flooR
full,Macy's,normal,flooR
full,Macy's,normal,flooR
full,Macy's,normal,flooR
full,Macy's,normal,flooR
full,Macy's,normal,flooR
full,Macy's,normal,flooR
full,Macy's,normal,flooR
full,Macy's,normal,flooR
full,Macy's,normal,flooR
full,Macy's,normal,flooR
full,Macy's,normal,flooR
full,Macy's,normal,flooR
full,Macy's,normal,flooR
full,Macy's,normal,flooR
full,Macy's,normal,flooR
full,Macy's,normal,flooR
full,Macy's,normal,flooR
full,Macy's,normal,flooR
full,Macy's,normal,flooR
full,Macy's,normal,flooR
full,Macy's,normal,flooR
full,Macy's,normal,flooR
full,Macy's,normal,flooR
full,Macy's,normal,flooR
full,Macy's,normal,flooR
full,Macy's,normal,flooR
full,Macy's,normal,flooR
full,Macy's,normal,flooR
full,Macy's,normal,flooR
full,Macy's,normal,flooR
full,Macy's,normal,flooR
full,Macy's,normal,flooR
full,Macy's,normal,flooR
full,Macy's,normal,flooR
full,Macy's,normal,flooR
full,Macy's,normal,flooR
full,Macy's,normal,flooR
full,Macy's,normal,flooR
full,Macy's,normal,flooR
full,Macy's,normal,flooR
full,Macy's,normal,flooR
full,Macy's,normal,flooR
full,Macy's,emphatic,fouRth
full,Macy's,emphatic,fouRth
full,Macy's,emphatic,fouRth
full,Macy's,emphatic,fouRth
full,Macy's,emphatic,fouRth
full,Macy's,emphatic,fouRth
full,Macy's,emphatic,fouRth
full,Macy's,emphatic,fouRth
full,Macy's,emphatic,fouRth
full,Macy's,emphatic,fouRth
full,Macy's,emphatic,fouRth
full,Macy's,emphatic,fouRth
full,Macy's,emphatic,fouRth
full,Macy's,emphatic,flooR
full,Macy's,emphatic,flooR
full,Macy's,emphatic,flooR
full,Macy's,emphatic,flooR
full,Macy's,emphatic,flooR
full,Macy's,emphatic,flooR
full,Macy's,emphatic,flooR
full,Macy's,emphatic,flooR
full,Macy's,emphatic,flooR
full,Macy's,emphatic,flooR
full,Macy's,emphatic,flooR
full,Macy's,emphatic,flooR
full,Macy's,emphatic,flooR
full,Macy's,emphatic,flooR
full,Macy's,emphatic,flooR
full,Macy's,emphatic,flooR
full,Macy's,emphatic,flooR
full,Macy's,emphatic,flooR
full,Macy's,emphatic,flooR
full,Macy's,emphatic,flooR
full,Macy's,emphatic,flooR
full,Macy's,emphatic,flooR
full,Macy's,emphatic,flooR
full,Macy's,emphatic,flooR
full,Macy's,emphatic,flooR
full,Macy's,emphatic,flooR
full,Macy's,emphatic,flooR
full,Macy's,emphatic,flooR
full,Macy's,emphatic,flooR
full,Macy's,emphatic,flooR
full,Macy's,emphatic,flooR
full,Klein's,normal,fouRth
full,Klein's,normal,fouRth
full,Klein's,normal,fouRth
full,Klein's,normal,flooR
full,Klein's,normal,flooR
full,Klein's,normal,flooR
full,Klein's,normal,flooR
full,Klein's,normal,flooR
full,Klein's,emphatic,fouRth
full,Klein's,emphatic,fouRth
full,Klein's,emphatic,fouRth
full,Klein's,emphatic,fouRth
full,Klein's,emphatic,fouRth
full,Klein's,emphatic,fouRth
full,Klein's,emphatic,flooR
full,Klein's,emphatic,flooR
full,Klein's,emphatic,flooR
full,Klein's,emphatic,flooR
full,Klein's,emphatic,flooR
full,Klein's,emphatic,flooR
full,Klein's,emphatic,flooR
elided,Saks,normal,fouRth
elided,Saks,normal,fouRth
elided,Saks,normal,fouRth
elided,Saks,normal,fouRth
elided,Saks,normal,fouRth
elided,Saks,normal,fouRth
elided,Saks,normal,fouRth
elided,Saks,normal,fouRth
elided,Saks,normal,fouRth
elided,Saks,normal,fouRth
elided,Saks,normal,fouRth
elided,Saks,normal,fouRth
elided,Saks,normal,fouRth
elided,Saks,normal,fouRth
elided,Saks,normal,fouRth
elided,Saks,normal,fouRth
elided,Saks,normal,fouRth
elided,Saks,normal,fouRth
elided,Saks,normal,fouRth
elided,Saks,normal,fouRth
elided,Saks,normal,fouRth
elided,Saks,normal,fouRth
elided,Saks,normal,fouRth
elided,Saks,normal,fouRth
elided,Saks,normal,fouRth
elided,Saks,normal,fouRth
elided,Saks,normal,fouRth
elided,Saks,normal,fouRth
elided,Saks,normal,fouRth
elided,Saks,normal,fouRth
elided,Saks,normal,fouRth
elided,Saks,normal,fouRth
elided,Saks,normal,fouRth
elided,Saks,normal,fouRth
elided,Saks,normal,fouRth
elided,Saks,normal,fouRth
elided,Saks,normal,fouRth
elided,Saks,normal,fouRth
elided,Saks,normal,fouRth
elided,Saks,normal,flooR
elided,Saks,normal,flooR
elided,Saks,normal,flooR
elided,Saks,normal,flooR
elided,Saks,normal,flooR
elided,Saks,normal,flooR
elided,Saks,normal,flooR
elided,Saks,normal,flooR
elided,Saks,normal,flooR
elided,Saks,normal,flooR
elided,Saks,normal,flooR
elided,Saks,normal,flooR
elided,Saks,normal,flooR
elided,Saks,normal,flooR
elided,Saks,normal,flooR
elided,Saks,normal,flooR
elided,Saks,normal,flooR
elided,Saks,normal,flooR
elided,Saks,emphatic,fouRth
elided,Saks,emphatic,fouRth
elided,Saks,emphatic,fouRth
elided,Saks,emphatic,fouRth
elided,Saks,emphatic,fouRth
elided,Saks,emphatic,fouRth
elided,Saks,emphatic,fouRth
elided,Saks,emphatic,fouRth
elided,Saks,emphatic,fouRth
elided,Saks,emphatic,fouRth
elided,Saks,emphatic,fouRth
elided,Saks,emphatic,fouRth
elided,Saks,emphatic,fouRth
elided,Saks,emphatic,fouRth
elided,Saks,emphatic,fouRth
elided,Saks,emphatic,fouRth
elided,Saks,emphatic,fouRth
elided,Saks,emphatic,fouRth
elided,Saks,emphatic,fouRth
elided,Saks,emphatic,fouRth
elided,Saks,emphatic,fouRth
elided,Saks,emphatic,fouRth
elided,Saks,emphatic,fouRth
elided,Saks,emphatic,fouRth
elided,Saks,emphatic,flooR
elided,Saks,emphatic,flooR
elided,Saks,emphatic,flooR
elided,Saks,emphatic,flooR
elided,Saks,emphatic,flooR
elided,Saks,emphatic,flooR
elided,Saks,emphatic,flooR
elided,Saks,emphatic,flooR
elided,Saks,emphatic,flooR
elided,Saks,emphatic,flooR
elided,Saks,emphatic,flooR
elided,Saks,emphatic,flooR
elided,Macy's,normal,fouRth
elided,Macy's,normal,fouRth
elided,Macy's,normal,fouRth
elided,Macy's,normal,fouRth
elided,Macy's,normal,fouRth
elided,Macy's,normal,fouRth
elided,Macy's,normal,fouRth
elided,Macy's,normal,fouRth
elided,Macy's,normal,fouRth
elided,Macy's,normal,fouRth
elided,Macy's,normal,fouRth
elided,Macy's,normal,fouRth
elided,Macy's,normal,fouRth
elided,Macy's,normal,fouRth
elided,Macy's,normal,fouRth
elided,Macy's,normal,fouRth
elided,Macy's,normal,fouRth
elided,Macy's,normal,fouRth
elided,Macy's,normal,fouRth
elided,Macy's,normal,fouRth
elided,Macy's,normal,fouRth
elided,Macy's,normal,fouRth
elided,Macy's,normal,fouRth
elided,Macy's,normal,fouRth
elided,Macy's,normal,fouRth
elided,Macy's,normal,fouRth
elided,Macy's,normal,fouRth
elided,Macy's,normal,fouRth
elided,Macy's,normal,fouRth
elided,Macy's,normal,fouRth
elided,Macy's,normal,fouRth
elided,Macy's,normal,fouRth
elided,Macy's,normal,fouRth
elided,Macy's,normal,fouRth
elided,Macy's,normal,fouRth
elided,Macy's,normal,fouRth
elided,Macy's,normal,fouRth
elided,Macy's,normal,fouRth
elided,Macy's,normal,fouRth
elided,Macy's,normal,fouRth
elided,Macy's,normal,fouRth
elided,Macy's,normal,fouRth
elided,Macy's,normal,fouRth
elided,Macy's,normal,fouRth
elided,Macy's,normal,fouRth
elided,Macy's,normal,fouRth
elided,Macy's,normal,fouRth
elided,Macy's,normal,fouRth
elided,Macy's,normal,fouRth
elided,Macy's,normal,fouRth
elided,Macy's,normal,fouRth
elided,Macy's,normal,fouRth
elided,Macy's,normal,fouRth
elided,Macy's,normal,fouRth
elided,Macy's,normal,fouRth
elided,Macy's,normal,fouRth
elided,Macy's,normal,fouRth
elided,Macy's,normal,fouRth
elided,Macy's,normal,fouRth
elided,Macy's,normal,fouRth
elided,Macy's,normal,fouRth
elided,Macy's,normal,fouRth
elided,Macy's,normal,fouRth
elided,Macy's,normal,fouRth
elided,Macy's,normal,fouRth
elided,Macy's,normal,fouRth
elided,Macy's,normal,fouRth
elided,Macy's,normal,fouRth
elided,Macy's,normal,fouRth
elided,Macy's,normal,fouRth
elided,Macy's,normal,fouRth
elided,Macy's,normal,fouRth
elided,Macy's,normal,fouRth
elided,Macy's,normal,fouRth
elided,Macy's,normal,fouRth
elided,Macy's,normal,fouRth
elided,Macy's,normal,fouRth
elided,Macy's,normal,fouRth
elided,Macy's,normal,fouRth
elided,Macy's,normal,fouRth
elided,Macy's,normal,fouRth
elided,Macy's,normal,flooR
elided,Macy's,normal,flooR
elided,Macy's,normal,flooR
elided,Macy's,normal,flooR
elided,Macy's,normal,flooR
elided,Macy's,normal,flooR
elided,Macy's,normal,flooR
elided,Macy's,normal,flooR
elided,Macy's,normal,flooR
elided,Macy's,normal,flooR
elided,Macy's,normal,flooR
elided,Macy's,normal,flooR
elided,Macy's,normal,flooR
elided,Macy's,normal,flooR
elided,Macy's,normal,flooR
elided,Macy's,normal,flooR
elided,Macy's,normal,flooR
elided,Macy's,normal,flooR
elided,Macy's,normal,flooR
elided,Macy's,normal,flooR
elided,Macy's,normal,flooR
elided,Macy's,normal,flooR
elided,Macy's,normal,flooR
elided,Macy's,normal,flooR
elided,Macy's,normal,flooR
elided,Macy's,normal,flooR
elided,Macy's,normal,flooR
elided,Macy's,normal,flooR
elided,Macy's,normal,flooR
elided,Macy's,normal,flooR
elided,Macy's,normal,flooR
elided,Macy's,normal,flooR
elided,Macy's,normal,flooR
elided,Macy's,normal,flooR
elided,Macy's,normal,flooR
elided,Macy's,normal,flooR
elided,Macy's,normal,flooR
elided,Macy's,normal,flooR
elided,Macy's,normal,flooR
elided,Macy's,normal,flooR
elided,Macy's,normal,flooR
elided,Macy's,normal,flooR
elided,Macy's,normal,flooR
elided,Macy's,normal,flooR
elided,Macy's,normal,flooR
elided,Macy's,normal,flooR
elided,Macy's,normal,flooR
elided,Macy's,normal,flooR
elided,Macy's,normal,flooR
elided,Macy's,normal,flooR
elided,Macy's,normal,flooR
elided,Macy's,normal,flooR
elided,Macy's,normal,flooR
elided,Macy's,normal,flooR
elided,Macy's,normal,flooR
elided,Macy's,normal,flooR
elided,Macy's,normal,flooR
elided,Macy's,normal,flooR
elided,Macy's,normal,flooR
elided,Macy's,normal,flooR
elided,Macy's,normal,flooR
elided,Macy's,normal,flooR
elided,Macy's,emphatic,fouRth
elided,Macy's,emphatic,fouRth
elided,Macy's,emphatic,fouRth
elided,Macy's,emphatic,fouRth
elided,Macy's,emphatic,fouRth
elided,Macy's,emphatic,fouRth
elided,Macy's,emphatic,fouRth
elided,Macy's,emphatic,fouRth
elided,Macy's,emphatic,fouRth
elided,Macy's,emphatic,fouRth
elided,Macy's,emphatic,fouRth
elided,Macy's,emphatic,fouRth
elided,Macy's,emphatic,fouRth
elided,Macy's,emphatic,fouRth
elided,Macy's,emphatic,fouRth
elided,Macy's,emphatic,fouRth
elided,Macy's,emphatic,fouRth
elided,Macy's,emphatic,fouRth
elided,Macy's,emphatic,fouRth
elided,Macy's,emphatic,fouRth
elided,Macy's,emphatic,fouRth
elided,Macy's,emphatic,fouRth
elided,Macy's,emphatic,fouRth
elided,Macy's,emphatic,fouRth
elided,Macy's,emphatic,fouRth
elided,Macy's,emphatic,fouRth
elided,Macy's,emphatic,fouRth
elided,Macy's,emphatic,fouRth
elided,Macy's,emphatic,fouRth
elided,Macy's,emphatic,fouRth
elided,Macy's,emphatic,fouRth
elided,Macy's,emphatic,fouRth
elided,Macy's,emphatic,fouRth
elided,Macy's,emphatic,fouRth
elided,Macy's,emphatic,fouRth
elided,Macy's,emphatic,fouRth
elided,Macy's,emphatic,fouRth
elided,Macy's,emphatic,fouRth
elided,Macy's,emphatic,fouRth
elided,Macy's,emphatic,fouRth
elided,Macy's,emphatic,fouRth
elided,Macy's,emphatic,fouRth
elided,Macy's,emphatic,fouRth
elided,Macy's,emphatic,fouRth
elided,Macy's,emphatic,fouRth
elided,Macy's,emphatic,fouRth
elided,Macy's,emphatic,fouRth
elided,Macy's,emphatic,fouRth
elided,Macy's,emphatic,flooR
elided,Macy's,emphatic,flooR
elided,Macy's,emphatic,flooR
elided,Macy's,emphatic,flooR
elided,Macy's,emphatic,flooR
elided,Macy's,emphatic,flooR
elided,Macy's,emphatic,flooR
elided,Macy's,emphatic,flooR
elided,Macy's,emphatic,flooR
elided,Macy's,emphatic,flooR
elided,Macy's,emphatic,flooR
elided,Macy's,emphatic,flooR
elided,Macy's,emphatic,flooR
elided,Macy's,emphatic,flooR
elided,Macy's,emphatic,flooR
elided,Macy's,emphatic,flooR
elided,Macy's,emphatic,flooR
elided,Macy's,emphatic,flooR
elided,Macy's,emphatic,flooR
elided,Macy's,emphatic,flooR
elided,Klein's,normal,fouRth
elided,Klein's,normal,fouRth
elided,Klein's,normal,fouRth
elided,Klein's,normal,fouRth
elided,Klein's,normal,fouRth
elided,Klein's,normal,fouRth
elided,Klein's,normal,fouRth
elided,Klein's,normal,fouRth
elided,Klein's,normal,fouRth
elided,Klein's,normal,fouRth
elided,Klein's,normal,fouRth
elided,Klein's,normal,fouRth
elided,Klein's,normal,fouRth
elided,Klein's,normal,fouRth
elided,Klein's,normal,fouRth
elided,Klein's,normal,fouRth
elided,Klein's,normal,fouRth
elided,Klein's,normal,fouRth
elided,Klein's,normal,fouRth
elided,Klein's,normal,fouRth
elided,Klein's,normal,fouRth
elided,Klein's,normal,fouRth
elided,Klein's,normal,fouRth
elided,Klein's,normal,fouRth
elided,Klein's,normal,fouRth
elided,Klein's,normal,fouRth
elided,Klein's,normal,fouRth
elided,Klein's,normal,fouRth
elided,Klein's,normal,fouRth
elided,Klein's,normal,fouRth
elided,Klein's,normal,fouRth
elided,Klein's,normal,fouRth
elided,Klein's,normal,fouRth
elided,Klein's,normal,fouRth
elided,Klein's,normal,fouRth
elided,Klein's,normal,fouRth
elided,Klein's,normal,fouRth
elided,Klein's,normal,fouRth
elided,Klein's,normal,fouRth
elided,Klein's,normal,fouRth
elided,Klein's,normal,fouRth
elided,Klein's,normal,fouRth
elided,Klein's,normal,fouRth
elided,Klein's,normal,fouRth
elided,Klein's,normal,fouRth
elided,Klein's,normal,fouRth
elided,Klein's,normal,fouRth
elided,Klein's,normal,fouRth
elided,Klein's,normal,fouRth
elided,Klein's,normal,fouRth
elided,Klein's,normal,fouRth
elided,Klein's,normal,fouRth
elided,Klein's,normal,fouRth
elided,Klein's,normal,fouRth
elided,Klein's,normal,fouRth
elided,Klein's,normal,fouRth
elided,Klein's,normal,fouRth
elided,Klein's,normal,fouRth
elided,Klein's,normal,fouRth
elided,Klein's,normal,fouRth
elided,Klein's,normal,fouRth
elided,Klein's,normal,fouRth
elided,Klein's,normal,fouRth
elided,Klein's,normal,flooR
elided,Klein's,normal,flooR
elided,Klein's,normal,flooR
elided,Klein's,normal,flooR
elided,Klein's,normal,flooR
elided,Klein's,normal,flooR
elided,Klein's,normal,flooR
elided,Klein's,normal,flooR
elided,Klein's,normal,flooR
elided,Klein's,normal,flooR
elided,Klein's,normal,flooR
elided,Klein's,normal,flooR
elided,Klein's,normal,flooR
elided,Klein's,normal,flooR
elided,Klein's,normal,flooR
elided,Klein's,normal,flooR
elided,Klein's,normal,flooR
elided,Klein's,normal,flooR
elided,Klein's,normal,flooR
elided,Klein's,normal,flooR
elided,Klein's,normal,flooR
elided,Klein's,normal,flooR
elided,Klein's,normal,flooR
elided,Klein's,normal,flooR
elided,Klein's,normal,flooR
elided,Klein's,normal,flooR
elided,Klein's,normal,flooR
elided,Klein's,normal,flooR
elided,Klein's,normal,flooR
elided,Klein's,normal,flooR
elided,Klein's,normal,flooR
elided,Klein's,normal,flooR
elided,Klein's,normal,flooR
elided,Klein's,normal,flooR
elided,Klein's,normal,flooR
elided,Klein's,normal,flooR
elided,Klein's,normal,flooR
elided,Klein's,normal,flooR
elided,Klein's,normal,flooR
elided,Klein's,normal,flooR
elided,Klein's,normal,flooR
elided,Klein's,normal,flooR
elided,Klein's,normal,flooR
elided,Klein's,normal,flooR
elided,Klein's,normal,flooR
elided,Klein's,normal,flooR
elided,Klein's,normal,flooR
elided,Klein's,normal,flooR
elided,Klein's,normal,flooR
elided,Klein's,normal,flooR
elided,Klein's,normal,flooR
elided,Klein's,normal,flooR
elided,Klein's,normal,flooR
elided,Klein's,normal,flooR
elided,Klein's,normal,flooR
elided,Klein's,normal,flooR
elided,Klein's,normal,flooR
elided,Klein's,normal,flooR
elided,Klein's,normal,flooR
elided,Klein's,emphatic,fouRth
elided,Klein's,emphatic,fouRth
elided,Klein's,emphatic,fouRth
elided,Klein's,emphatic,fouRth
elided,Klein's,emphatic,fouRth
elided,Klein's,emphatic,fouRth
elided,Klein's,emphatic,fouRth
elided,Klein's,emphatic,fouRth
elided,Klein's,emphatic,fouRth
elided,Klein's,emphatic,fouRth
elided,Klein's,emphatic,fouRth
elided,Klein's,emphatic,fouRth
elided,Klein's,emphatic,fouRth
elided,Klein's,emphatic,fouRth
elided,Klein's,emphatic,fouRth
elided,Klein's,emphatic,fouRth
elided,Klein's,emphatic,fouRth
elided,Klein's,emphatic,fouRth
elided,Klein's,emphatic,fouRth
elided,Klein's,emphatic,fouRth
elided,Klein's,emphatic,fouRth
elided,Klein's,emphatic,fouRth
elided,Klein's,emphatic,fouRth
elided,Klein's,emphatic,fouRth
elided,Klein's,emphatic,fouRth
elided,Klein's,emphatic,fouRth
elided,Klein's,emphatic,fouRth
elided,Klein's,emphatic,fouRth
elided,Klein's,emphatic,fouRth
elided,Klein's,emphatic,fouRth
elided,Klein's,emphatic,fouRth
elided,Klein's,emphatic,fouRth
elided,Klein's,emphatic,fouRth
elided,Klein's,emphatic,fouRth
elided,Klein's,emphatic,fouRth
elided,Klein's,emphatic,fouRth
elided,Klein's,emphatic,fouRth
elided,Klein's,emphatic,fouRth
elided,Klein's,emphatic,fouRth
elided,Klein's,emphatic,fouRth
elided,Klein's,emphatic,flooR
elided,Klein's,emphatic,flooR
elided,Klein's,emphatic,flooR
elided,Klein's,emphatic,flooR
elided,Klein's,emphatic,flooR
elided,Klein's,emphatic,flooR
elided,Klein's,emphatic,flooR
elided,Klein's,emphatic,flooR
elided,Klein's,emphatic,flooR
elided,Klein's,emphatic,flooR
elided,Klein's,emphatic,flooR
elided,Klein's,emphatic,flooR
elided,Klein's,emphatic,flooR
elided,Klein's,emphatic,flooR
elided,Klein's,emphatic,flooR
elided,Klein's,emphatic,flooR
elided,Klein's,emphatic,flooR
elided,Klein's,emphatic,flooR
elided,Klein's,emphatic,flooR
elided,Klein's,emphatic,flooR
elided,Klein's,emphatic,flooR
elided,Klein's,emphatic,flooR
elided,Klein's,emphatic,flooR
elided,Klein's,emphatic,flooR
elided,Klein's,emphatic,flooR
elided,Klein's,emphatic,flooR
elided,Klein's,emphatic,flooR
elided,Klein's,emphatic,flooR
elided,Klein's,emphatic,flooR
elided,Klein's,emphatic,flooR
elided,Klein's,emphatic,flooR
elided,Klein's,emphatic,flooR
elided,Klein's,emphatic,flooR
