word,pos,coca_frequency,word_length
time,noun,764657,4
year,noun,769254,4
people,noun,691468,6
other,adjective,547799,5
way,noun,470401,3
new,adjective,435993,3
day,noun,432773,3
man,noun,409760,3
thing,noun,400724,5
good,adjective,353973,4
woman,noun,341422,5
life,noun,333085,4
child,noun,333849,5
world,noun,303506,5
school,noun,304183,6
state,noun,272193,5
high,adjective,255936,4
family,noun,243267,6
old,adjective,236577,3
student,noun,255047,7
great,adjective,225005,5
big,adjective,227169,3
group,noun,229435,5
country,noun,223138,7
problem,noun,217728,7
hand,noun,225247,4
American,adjective,214968,8
part,noun,207861,4
place,noun,202427,5
case,noun,200773,4
week,noun,199268,4
company,noun,203345,7
system,noun,200175,6
program,noun,195985,7
question,noun,192070,8
work,noun,187533,4
government,noun,191314,10
small,adjective,185463,5
number,noun,186005,6
night,noun,184511,5
Mr,noun,188555,2
point,noun,177481,5
large,adjective,175611,5
home,noun,170527,4
water,noun,167666,5
room,noun,172472,4
mother,noun,169407,6
area,noun,165812,4
national,adjective,166359,8
money,noun,164794,5
story,noun,163582,5
young,adjective,160011,5
fact,noun,164401,4
month,noun,162685,5
different,adjective,162411,9
lot,noun,169570,3
right,noun,163259,5
study,noun,174069,5
book,noun,154013,4
eye,noun,169150,3
job,noun,154743,3
word,noun,152891,4
business,noun,154468,8
issue,noun,156417,5
side,noun,152559,4
kind,noun,155032,4
head,noun,160131,4
black,adjective,150718,5
long,adjective,149050,4
little,adjective,149658,6
house,noun,149251,5
service,noun,146122,7
friend,noun,142697,6
important,adjective,144194,9
father,noun,145051,6
power,noun,141357,5
hour,noun,138955,4
game,noun,146311,4
line,noun,135986,4
political,adjective,144437,9
end,noun,134104,3
bad,adjective,134910,3
member,noun,134731,6
law,noun,133706,3
car,noun,133571,3
city,noun,132684,4
community,noun,133057,9
name,noun,127139,4
white,adjective,126760,5
president,noun,134203,9
real,adjective,124187,4
team,noun,131489,4
minute,noun,126660,6
best,adjective,124850,4
idea,noun,122140,4
kid,noun,126428,3
body,noun,125165,4
information,noun,127331,11
right,adjective,126278,5
social,adjective,132899,6
back,noun,125006,4
parent,noun,119610,6
only,adjective,117700,4
face,noun,127291,4
public,adjective,119825,6
others,noun,115771,6
level,noun,121704,5
office,noun,114791,6
door,noun,124993,4
health,noun,117762,6
person,noun,113650,6
art,noun,117851,3
sure,adjective,116186,4
war,noun,117804,3
history,noun,114904,7
party,noun,112962,5
result,noun,116277,6
change,noun,112426,6
morning,noun,114002,7
reason,noun,106863,6
low,adjective,108990,3
research,noun,114802,8
girl,noun,110409,4
guy,noun,110409,3
early,adjective,108171,5
food,noun,107728,4
moment,noun,109720,6
air,noun,105932,3
teacher,noun,116100,7
force,noun,108005,5
education,noun,113731,9
foot,noun,107285,4
boy,noun,107447,3
able,adjective,103171,4
age,noun,103402,3
policy,noun,107601,6
process,noun,107341,7
music,noun,102657,5
human,adjective,101224,5
market,noun,100435,6
sense,noun,95896,5
nation,noun,97212,6
plan,noun,95824,4
college,noun,97038,7
interest,noun,96620,8
death,noun,93222,5
experience,noun,98106,10
local,adjective,92970,5
effect,noun,95216,6
use,noun,96564,3
class,noun,91323,5
control,noun,90301,7
care,noun,88862,4
late,adjective,86421,4
hard,adjective,86817,4
field,noun,87243,5
major,adjective,87487,5
development,noun,91995,11
role,noun,88666,4
better,adjective,83895,6
economic,adjective,90392,8
effort,noun,86473,6
rate,noun,87224,4
strong,adjective,83677,6
possible,adjective,85084,8
heart,noun,84536,5
drug,noun,86231,4
show,noun,86828,4
leader,noun,85438,6
light,noun,87427,5
voice,noun,89379,5
wife,noun,83601,4
whole,adjective,83756,5
police,noun,85880,6
mind,noun,82808,4
free,adjective,82090,4
military,adjective,85152,8
price,noun,84443,5
report,noun,83174,6
decision,noun,82429,8
son,noun,80895,3
view,noun,81338,4
relationship,noun,84549,12
town,noun,79821,4
road,noun,80987,4
arm,noun,84865,3
true,adjective,79299,4
federal,adjective,81826,7
difference,noun,82911,10
value,noun,82942,5
international,adjective,81610,13
building,noun,78487,8
action,noun,80009,6
full,adjective,77547,4
model,noun,82973,5
season,noun,83743,6
society,noun,81192,7
tax,noun,80713,3
director,noun,79813,8
position,noun,77124,8
player,noun,81358,6
record,noun,77509,6
paper,noun,75383,5
special,adjective,75298,7
space,noun,75395,5
ground,noun,74713,6
form,noun,78493,4
event,noun,75559,5
official,noun,79026,8
matter,noun,73842,6
center,noun,74559,6
couple,noun,74871,6
site,noun,75932,4
project,noun,75446,7
activity,noun,77980,8
star,noun,73695,4
table,noun,75228,5
need,noun,74877,4
court,noun,74112,5
American,noun,73063,8
oil,noun,74386,3
situation,noun,72603,9
easy,adjective,71602,4
cost,noun,73512,4
industry,noun,73055,8
figure,noun,74858,6
street,noun,71645,6
image,noun,72216,5
phone,noun,71599,5
data,noun,76594,4
picture,noun,69229,7
clear,adjective,68662,5
practice,noun,73745,8
piece,noun,68901,5
land,noun,69750,4
recent,adjective,70685,6
product,noun,70883,7
doctor,noun,69446,6
wall,noun,71390,4
patient,noun,72217,7
worker,noun,69962,6
news,noun,70051,4
test,noun,69870,4
movie,noun,69387,5
certain,adjective,67228,7
north,noun,68046,5
love,noun,67495,4
personal,adjective,67917,8
open,adjective,67218,4
support,noun,69431,7
technology,noun,69565,10
step,noun,66232,4
baby,noun,67881,4
computer,noun,67399,8
type,noun,68481,4
attention,noun,65271,9
film,noun,66724,4
Republican,noun,71611,10
tree,noun,66630,4
source,noun,66862,6
red,adjective,66217,3
organization,noun,67278,12
hair,noun,69564,4
look,noun,66194,4
century,noun,65667,7
evidence,noun,65360,8
window,noun,68303,6
difficult,adjective,63947,9
culture,noun,67128,7
chance,noun,62682,6
brother,noun,63406,7
energy,noun,64139,6
period,noun,64534,6
course,noun,64012,6
summer,noun,62503,6
available,adjective,63187,9
plant,noun,63476,5
likely,adjective,63002,6
opportunity,noun,62422,11
term,noun,62962,4
short,adjective,60451,5
letter,noun,60369,6
condition,noun,63489,9
choice,noun,60487,6
single,adjective,60072,6
rule,noun,61062,4
daughter,noun,60424,8
administration,noun,62071,14
south,noun,60630,5
husband,noun,60126,7
Congress,noun,62841,8
floor,noun,62458,5
campaign,noun,64172,8
material,noun,62440,8
population,noun,62999,10
call,noun,59543,4
economy,noun,60990,7
medical,adjective,59424,7
hospital,noun,58669,8
church,noun,59466,6
risk,noun,60432,4
current,adjective,61252,7
fire,noun,59386,4
future,noun,58020,6
wrong,adjective,58988,5
defense,noun,59701,7
security,noun,58914,8
bank,noun,58992,4
west,noun,58169,4
sport,noun,59006,5
board,noun,58436,5
subject,noun,61397,7
officer,noun,57617,7
private,adjective,57248,7
rest,noun,56714,4
behavior,noun,62625,8
performance,noun,59909,11
top,noun,57743,3
past,adjective,56588,4
goal,noun,58728,4
second,noun,56022,6
bed,noun,60304,3
order,noun,56483,5
author,noun,58300,6
foreign,adjective,57540,7
blood,noun,56351,5
agency,noun,56954,6
nature,noun,57929,6
color,noun,56978,5
store,noun,56147,5
sound,noun,56828,5
fine,adjective,55174,4
movement,noun,56201,8
page,noun,55937,4
common,adjective,55940,6
poor,adjective,53820,4
natural,adjective,55526,7
race,noun,54838,4
concern,noun,55203,7
series,noun,54549,6
significant,adjective,58947,11
similar,adjective,55901,7
hot,adjective,54601,3
language,noun,55799,8
response,noun,56342,8
dead,adjective,55111,4
animal,noun,53127,6
factor,noun,57612,6
decade,noun,53727,6
article,noun,54871,7
east,noun,53010,4
artist,noun,54353,6
scene,noun,51248,5
stock,noun,54305,5
career,noun,52101,6
central,adjective,52501,7
treatment,noun,53390,9
happy,adjective,51669,5
approach,noun,53980,8
size,noun,51868,4
dog,noun,52347,3
fund,noun,53859,4
serious,adjective,50285,7
media,noun,51798,5
ready,adjective,50833,5
sign,noun,50045,4
thought,noun,51509,7
list,noun,50678,4
individual,noun,54738,10
simple,adjective,50583,6
quality,noun,52224,7
pressure,noun,50773,8
answer,noun,49969,6
resource,noun,53398,8
left,adjective,50479,4
meeting,noun,49916,7
disease,noun,51211,7
success,noun,50541,7
cup,noun,53633,3
amount,noun,49944,6
ability,noun,51476,7
staff,noun,50177,5
character,noun,49530,9
growth,noun,50904,6
loss,noun,49759,4
degree,noun,50612,6
attack,noun,50898,6
region,noun,50914,6
television,noun,49673,10
box,noun,49667,3
TV,noun,49438,2
training,noun,49997,8
trade,noun,49696,5
deal,noun,48975,4
election,noun,51322,8
physical,adjective,51451,8
general,adjective,49657,7
feeling,noun,47349,7
standard,noun,49876,8
bill,noun,49011,4
message,noun,47533,7
analysis,noun,53840,8
benefit,noun,48594,7
sex,noun,47827,3
lawyer,noun,47853,6
section,noun,49764,7
environmental,adjective,51192,13
glass,noun,49686,5
skill,noun,50431,5
sister,noun,48183,6
professor,noun,46575,9
operation,noun,47276,9
financial,adjective,47803,9
crime,noun,48010,5
stage,noun,46346,5
authority,noun,47309,9
design,noun,48605,6
sort,noun,47086,4
one,noun,45596,3
knowledge,noun,50335,9
gun,noun,47305,3
station,noun,46299,7
blue,adjective,47622,4
strategy,noun,49126,8
truth,noun,45155,5
song,noun,45352,4
example,noun,47134,7
democratic,adjective,47299,10
environment,noun,47807,11
leg,noun,47477,3
dark,adjective,47565,4
public,noun,45684,6
various,adjective,46777,7
executive,noun,47338,9
set,noun,45121,3
entire,adjective,43997,6
rock,noun,45225,4
note,noun,44720,4
manager,noun,46187,7
help,noun,43721,4
close,adjective,43568,5
network,noun,45122,7
legal,adjective,44820,5
religious,adjective,46425,9
cold,adjective,44649,4
final,adjective,43589,5
main,adjective,43707,4
science,noun,45726,7
green,adjective,44673,5
memory,noun,43531,6
card,noun,43605,4
seat,noun,44404,4
cell,noun,44831,4
nice,adjective,44792,4
trial,noun,44489,5
expert,noun,43898,6
spring,noun,44085,6
firm,noun,44704,4
Democrat,noun,46905,8
radio,noun,43156,5
management,noun,45112,10
huge,adjective,42582,4
ball,noun,43512,4
talk,noun,43267,4
theory,noun,45553,6
impact,noun,43782,6
statement,noun,42941,9
charge,noun,42353,6
popular,adjective,42399,7
traditional,adjective,43681,11
direction,noun,41280,9
weapon,noun,43158,6
employee,noun,42824,8
cultural,adjective,45673,8
peace,noun,42273,5
base,noun,41154,4
pain,noun,41350,4
play,noun,41662,4
measure,noun,43938,7
wide,adjective,41233,4
interview,noun,41594,9
chair,noun,43256,5
fish,noun,41488,4
particular,adjective,42291,10
camera,noun,41218,6
structure,noun,43638,9
politics,noun,41758,8
bit,noun,41915,3
weight,noun,41919,6
candidate,noun,43251,9
top,adjective,41484,3
production,noun,42052,10
trip,noun,40423,4
evening,noun,40881,7
conference,noun,40643,10
unit,noun,41087,4
style,noun,40889,5
adult,noun,40705,5
range,noun,41326,5
far,adjective,39967,3
deep,adjective,40126,4
past,noun,39559,4
edge,noun,40960,4
individual,adjective,42325,10
specific,adjective,42397,8
writer,noun,39666,6
trouble,noun,39659,7
necessary,adjective,40776,9
challenge,noun,40380,9
fear,noun,38857,4
shoulder,noun,42843,8
institution,noun,42153,11
middle,adjective,40402,6
sea,noun,39516,3
dream,noun,39613,5
bar,noun,39853,3
beautiful,adjective,40052,9
property,noun,40027,8
stuff,noun,40180,5
detail,noun,38750,6
method,noun,42667,6
magazine,noun,39197,8
hotel,noun,39642,5
soldier,noun,39552,7
heavy,adjective,39160,5
sexual,adjective,41865,6
cause,noun,38843,5
bag,noun,40007,3
heat,noun,40363,4
fall,noun,38822,4
marriage,noun,38517,8
tough,adjective,39600,5
surface,noun,39367,7
purpose,noun,40084,7
pattern,noun,40397,7
skin,noun,39893,4
agent,noun,38265,5
owner,noun,39492,5
machine,noun,38407,7
gas,noun,38194,3
generation,noun,38323,10
commercial,adjective,40608,10
cancer,noun,39407,6
item,noun,40336,4
reality,noun,38397,7
coach,noun,40716,5
Mrs,noun,40545,3
yard,noun,39253,4
violence,noun,38474,8
total,adjective,38798,5
investment,noun,38810,10
discussion,noun,39616,10
finger,noun,40842,6
garden,noun,38800,6
collection,noun,38431,10
modern,adjective,38372,6
task,noun,39209,4
partner,noun,37540,7
positive,adjective,39310,8
civil,adjective,37742,5
kitchen,noun,39332,7
consumer,noun,38079,8
shot,noun,37505,4
budget,noun,39165,6
painting,noun,39264,8
scientist,noun,37700,9
safe,adjective,36547,4
agreement,noun,38141,9
capital,noun,37443,7
mouth,noun,40200,5
victim,noun,36878,6
newspaper,noun,37522,9
threat,noun,37022,6
responsibility,noun,37084,14
attorney,noun,37959,8
score,noun,39294,5
account,noun,36786,7
interesting,adjective,37473,11
break,noun,40348,5
audience,noun,36227,8
rich,adjective,35940,4
dinner,noun,37156,6
vote,noun,39464,4
western,adjective,37389,7
debate,noun,37228,6
citizen,noun,36408,7
majority,noun,36758,8
senior,adjective,36598,6
wind,noun,36478,4
key,adjective,36056,3
professional,adjective,36319,12
mission,noun,35217,7
customer,noun,36000,8
speech,noun,35504,6
successful,adjective,35459,10
option,noun,35434,6
participant,noun,41462,11
southern,adjective,35314,8
fresh,adjective,35974,5
forest,noun,35429,6
video,noun,35230,5
global,adjective,36381,6
Senate,noun,36809,6
reform,noun,36103,6
access,noun,35310,6
restaurant,noun,35898,10
judge,noun,35464,5
relation,noun,36963,8
bird,noun,34835,4
opinion,noun,34501,7
credit,noun,34578,6
critical,adjective,35824,8
corner,noun,35496,6
concerned,adjective,34331,9
version,noun,34456,7
safety,noun,34188,6
effective,adjective,35851,9
neighborhood,noun,34691,12
original,adjective,34368,8
act,noun,34104,3
troop,noun,36001,5
income,noun,34925,6
species,noun,35804,7
track,noun,33788,5
basic,adjective,34788,5
hope,noun,33019,4
sky,noun,35141,3
freedom,noun,34174,7
plane,noun,33900,5
object,noun,35040,6
attitude,noun,35437,8
labor,noun,34400,5
concept,noun,35944,7
client,noun,34027,6
powerful,adjective,33151,8
perfect,adjective,33456,7
conversation,noun,33046,12
variety,noun,34242,7
turn,noun,32944,4
involved,adjective,33428,8
investigation,noun,33849,13
nuclear,adjective,34264,7
researcher,noun,34742,10
press,noun,33410,5
conflict,noun,34710,8
spirit,noun,32942,6
British,adjective,32929,7
argument,noun,33394,8
camp,noun,32659,4
brain,noun,32852,5
feature,noun,33344,7
afternoon,noun,33202,9
weekend,noun,33239,7
possibility,noun,32466,11
insurance,noun,32928,9
department,noun,32252,10
battle,noun,31989,6
beginning,noun,31866,9
date,noun,31467,4
African,adjective,34557,7
very,adjective,31807,4
sorry,adjective,34270,5
crisis,noun,32924,6
fan,noun,32919,3
hole,noun,32302,4
element,noun,33053,7
vision,noun,32358,6
status,noun,33511,6
normal,adjective,31265,6
Chinese,adjective,32334,7
ship,noun,32588,4
solution,noun,32052,8
stone,noun,32531,5
scale,noun,34375,5
university,noun,33000,10
driver,noun,31633,6
attempt,noun,31944,7
park,noun,32322,4
spot,noun,31612,4
lack,noun,32157,4
ice,noun,31686,3
boat,noun,32079,4
sun,noun,32646,3
front,adjective,32087,5
distance,noun,31380,8
wood,noun,31801,4
truck,noun,31536,5
return,noun,31058,6
mountain,noun,31322,8
survey,noun,32784,6
supposed,adjective,31005,8
tradition,noun,32110,9
winter,noun,31227,6
village,noun,30741,7
Soviet,adjective,36193,6
sales,noun,32145,5
communication,noun,31577,13
run,noun,31325,3
screen,noun,30758,6
resident,noun,31836,8
gold,noun,30733,4
club,noun,30800,4
future,adjective,31494,6
farm,noun,30291,4
potential,adjective,31289,9
increase,noun,31247,8
middle,noun,30199,6
European,adjective,31455,8
presence,noun,30624,8
independent,adjective,31044,11
district,noun,31327,8
shape,noun,30396,5
reader,noun,31442,6
Ms,noun,31610,2
contract,noun,30906,8
crowd,noun,30542,5
Christian,adjective,30726,9
apartment,noun,31012,9
willing,adjective,29635,7
strength,noun,29769,8
previous,adjective,30490,8
band,noun,29769,4
horse,noun,30993,5
interested,adjective,29155,10
target,noun,29866,6
prison,noun,30248,6
guard,noun,30159,5
demand,noun,30519,6
reporter,noun,30416,8
text,noun,32316,4
share,noun,30752,5
tool,noun,30286,4
wild,adjective,29473,4
vehicle,noun,29421,7
flight,noun,29535,6
facility,noun,30107,8
understanding,noun,31319,13
average,adjective,29717,7
advantage,noun,29340,9
quick,adjective,29108,5
light,adjective,29731,5
leadership,noun,30047,10
pound,noun,29946,5
basis,noun,30377,5
bright,adjective,29780,6
guest,noun,29328,5
sample,noun,32436,6
tiny,adjective,29756,4
block,noun,28826,5
protection,noun,29336,10
additional,adjective,29771,10
while,noun,29579,5
identity,noun,31163,8
title,noun,29210,5
lesson,noun,28623,6
faith,noun,28710,5
river,noun,28862,5
living,noun,28736,6
present,adjective,30645,7
technique,noun,29828,9
path,noun,28344,4
ear,noun,29597,3
shop,noun,28589,4
folk,noun,28698,4
principle,noun,30011,9
border,noun,28636,6
competition,noun,28752,11
claim,noun,28609,5
equipment,noun,28023,9
critic,noun,28244,6
warm,adjective,28600,4
aspect,noun,29460,6
failure,noun,28234,7
annual,adjective,28471,6
French,adjective,27590,6
Christmas,noun,28046,9
comment,noun,27712,7
responsible,adjective,27569,11
affair,noun,27432,6
procedure,noun,29044,9
regular,adjective,27244,7
chairman,noun,28560,8
baseball,noun,28551,8
soft,adjective,27970,4
egg,noun,27917,3
belief,noun,28844,6
murder,noun,28335,6
gift,noun,27050,4
religion,noun,28220,8
review,noun,28141,6
editor,noun,27734,6
coffee,noun,28331,6
document,noun,29437,8
speed,noun,27740,5
influence,noun,28387,9
female,adjective,27952,6
youth,noun,27755,5
wave,noun,26844,4
move,noun,26717,4
afraid,adjective,27727,6
quarter,noun,27125,7
background,noun,26907,10
native,adjective,28026,6
broad,adjective,27191,5
wonderful,adjective,27494,9
reaction,noun,26771,8
suit,noun,27066,4
perspective,noun,28324,11
growing,adjective,26858,7
construction,noun,27114,12
intelligence,noun,27555,12
connection,noun,26552,10
shoe,noun,26945,4
grade,noun,27178,5
context,noun,29113,7
committee,noun,26697,9
mistake,noun,26080,7
focus,noun,26815,5
smile,noun,28698,5
location,noun,26463,8
clothes,noun,27033,7
Indian,adjective,27100,6
quiet,adjective,26732,5
aware,adjective,25503,5
neighbor,noun,25497,8
complete,adjective,25699,8
drive,noun,26373,5
function,noun,28011,8
bone,noun,26282,4
active,adjective,26507,6
chief,adjective,26456,5
average,noun,26568,7
wine,noun,26682,4
cool,adjective,26279,4
voter,noun,27768,5
mean,noun,28991,4
learning,noun,28869,8
bus,noun,25850,3
hell,noun,27278,4
dangerous,adjective,25170,9
moral,adjective,26980,5
United,adjective,26396,6
category,noun,27219,8
victory,noun,26422,7
key,noun,25436,3
academic,adjective,28216,8
visit,noun,25000,5
Internet,noun,26983,8
healthy,adjective,26009,7
negative,adjective,26847,8
following,adjective,26643,9
historical,adjective,27266,10
medicine,noun,25511,8
tour,noun,25781,4
photo,noun,25492,5
finding,noun,28246,7
direct,adjective,26008,6
classroom,noun,27531,9
contact,noun,25218,7
justice,noun,25377,7
daily,adjective,25179,5
fair,adjective,25064,4
pair,noun,25289,4
famous,adjective,24631,6
exercise,noun,25934,8
knee,noun,25912,4
flower,noun,25642,6
tape,noun,25730,4
familiar,adjective,24515,8
appropriate,adjective,26237,11
supply,noun,24920,6
cut,noun,25327,3
will,noun,24351,4
actor,noun,24848,5
birth,noun,24515,5
search,noun,27087,6
democracy,noun,26039,9
eastern,adjective,25103,7
primary,adjective,26043,7
circle,noun,24735,6
device,noun,24918,6
progress,noun,24645,8
front,noun,24402,5
bottom,noun,24653,6
island,noun,24311,6
exchange,noun,24826,8
clean,adjective,24325,5
studio,noun,24765,6
lady,noun,25436,4
colleague,noun,24370,9
application,noun,25735,11
neck,noun,25716,4
damage,noun,24155,6
plastic,noun,24563,7
tall,adjective,25304,4
plate,noun,24592,5
writing,noun,24995,7
male,adjective,24873,4
start,noun,24071,5
alive,adjective,24184,5
expression,noun,24748,10
football,noun,25271,8
chicken,noun,24465,7
army,noun,23929,4
abuse,noun,24534,5
theater,noun,24447,7
map,noun,23666,3
extra,adjective,24006,5
session,noun,24010,7
danger,noun,23244,6
domestic,adjective,24313,8
literature,noun,26254,10
rain,noun,24134,4
desire,noun,23994,6
assessment,noun,26318,10
injury,noun,23935,6
respect,noun,23274,7
northern,adjective,23783,8
fuel,noun,23934,4
leaf,noun,24044,4
dry,adjective,23809,3
Russian,adjective,23739,7
instruction,noun,25190,11
fight,noun,23211,5
pool,noun,23346,4
sweet,adjective,23843,5
lead,noun,23301,4
engine,noun,23617,6
salt,noun,24711,4
importance,noun,24946,10
metal,noun,23317,5
fat,noun,24844,3
ticket,noun,23902,6
software,noun,23954,8
corporate,adjective,23621,9
strange,adjective,23744,7
lip,noun,25250,3
reading,noun,23919,7
urban,adjective,23889,5
mental,adjective,23650,6
lunch,noun,23220,5
educational,adjective,25282,11
farmer,noun,23005,6
sugar,noun,24310,5
planet,noun,23567,6
favorite,adjective,23159,8
enemy,noun,22621,5
greatest,adjective,22673,8
complex,adjective,23751,7
athlete,noun,23868,7
soul,noun,22713,4
scientific,adjective,23691,10
impossible,adjective,22233,10
panel,noun,22529,5
meaning,noun,24064,7
mom,noun,23450,3
married,adjective,22352,7
alone,adjective,23106,5
instrument,noun,23831,10
weather,noun,22586,7
presidential,adjective,24057,12
emotional,adjective,22773,9
commitment,noun,23152,10
Supreme,adjective,23904,7
pocket,noun,23580,6
thin,adjective,23194,4
temperature,noun,23111,11
surprise,noun,22275,8
poll,noun,24009,4
proposal,noun,22830,8
consequence,noun,23307,11
half,noun,22029,4
breath,noun,24668,6
sight,noun,22878,5
cover,noun,22301,5
balance,noun,22243,7
minority,noun,23167,8
works,noun,22722,5
teaching,noun,24387,8
aid,noun,22642,3
advice,noun,21970,6
photograph,noun,22016,10
empty,adjective,23365,5
regional,adjective,23182,8
trail,noun,23030,5
novel,noun,22392,5
code,noun,22015,4
jury,noun,24072,4
breast,noun,22362,6
Iraqi,adjective,25446,5
human,noun,22022,5
theme,noun,22494,5
storm,noun,22562,5
union,noun,22380,5
desk,noun,23455,4
thanks,noun,23061,6
fruit,noun,22401,5
expensive,adjective,21706,9
yellow,adjective,22452,6
conclusion,noun,23034,10
prime,adjective,22075,5
shadow,noun,22803,6
analyst,noun,22662,7
dance,noun,21799,5
limit,noun,21714,5
like,adjective,21723,4
regulation,noun,22479,10
being,noun,21695,5
ring,noun,21873,4
revenue,noun,22445,7
county,noun,22675,6
appearance,noun,21146,10
package,noun,21665,7
difficulty,noun,22288,10
bridge,noun,21497,6
obvious,adjective,21052,7
train,noun,21766,5
e-mail,noun,22467,6
thinking,noun,21663,8
trend,noun,21894,5
visitor,noun,21490,7
loan,noun,22324,4
comfortable,adjective,21101,11
investor,noun,22410,8
profit,noun,21754,6
angry,adjective,21485,5
crew,noun,21238,4
accident,noun,20964,8
male,noun,22398,4
meal,noun,21556,4
hearing,noun,21560,7
traffic,noun,21296,7
muscle,noun,21931,6
notion,noun,21801,6
earth,noun,21350,5
Japanese,adjective,21800,8
chest,noun,22508,5
thick,adjective,21932,5
cash,noun,21343,4
museum,noun,21715,6
beauty,noun,21060,6
emergency,noun,20796,9
unique,adjective,21436,6
internal,adjective,22025,8
ethnic,adjective,22632,6
stress,noun,21813,6
content,noun,21821,7
root,noun,20774,4
nose,noun,21938,4
actual,adjective,21321,6
bottle,noun,21569,6
setting,noun,22004,7
dress,noun,21362,5
file,noun,20832,4
sick,adjective,20906,4
outcome,noun,22721,7
ad,noun,21064,2
duty,noun,20204,4
sheet,noun,20787,5
Catholic,adjective,20866,8
extent,noun,21727,6
component,noun,22085,9
long-term,adjective,20841,9
slow,adjective,20404,4
contrast,noun,21581,8
zone,noun,20472,4
airport,noun,20897,7
chief,noun,20453,5
brown,adjective,21175,5
standard,adjective,20917,8
shirt,noun,21486,5
pilot,noun,20192,5
cat,noun,21135,3
contribution,noun,20912,12
capacity,noun,21102,8
estate,noun,20673,6
guide,noun,20646,5
circumstance,noun,20310,12
snow,noun,21011,4
English,adjective,20235,7
politician,noun,20360,10
percentage,noun,20774,10
meat,noun,20271,4
funny,adjective,20399,5
soil,noun,20916,4
surgery,noun,20118,7
correct,adjective,20613,7
Jewish,adjective,20196,6
basketball,noun,20955,10
golf,noun,20979,4
crazy,adjective,20345,5
chain,noun,19688,5
address,noun,19564,7
branch,noun,19633,6
combination,noun,20026,11
just,adjective,20096,4
governor,noun,20802,8
relief,noun,19493,6
user,noun,20681,4
dad,noun,20164,3
manner,noun,20012,6
ancient,adjective,19818,7
silence,noun,21169,7
rating,noun,20413,6
golden,adjective,19852,6
motion,noun,19649,6
German,adjective,20096,6
gender,noun,22190,6
fee,noun,20263,3
landscape,noun,20171,9
used,adjective,19130,4
bowl,noun,20662,4
equal,adjective,19952,5
official,adjective,19628,8
frame,noun,20016,5
typical,adjective,19724,7
conservative,adjective,19778,12
host,noun,19389,4
hall,noun,20236,4
ocean,noun,19421,5
row,noun,19519,3
producer,noun,19679,8
regime,noun,21101,6
division,noun,19772,8
appeal,noun,19561,6
mirror,noun,20081,6
tooth,noun,20515,5
smart,adjective,19370,5
length,noun,19624,6
topic,noun,20640,5
variable,noun,22868,8
telephone,noun,19311,9
perception,noun,21086,10
confidence,noun,18955,10
bedroom,noun,20387,7
secret,noun,19125,6
debt,noun,19506,4
rare,adjective,18978,4
tank,noun,19158,4
nurse,noun,19385,5
coverage,noun,19522,8
opposition,noun,19847,10
bond,noun,19856,4
pleasure,noun,19099,8
master,noun,18880,6
era,noun,19209,3
requirement,noun,20358,11
check,noun,18764,5
stand,noun,18910,5
fun,noun,18984,3
expectation,noun,19603,11
wing,noun,19028,4
separate,adjective,19064,8
struggle,noun,19014,8
mean,adjective,19792,4
judgment,noun,19315,8
beer,noun,19349,4
English,noun,18719,7
reference,noun,19559,9
tear,noun,19819,4
doubt,noun,18542,5
minister,noun,19154,8
hero,noun,18348,4
industrial,adjective,19413,10
cloud,noun,19214,5
winner,noun,19216,6
volume,noun,18989,6
travel,noun,18634,6
seed,noun,19079,4
surprised,adjective,18822,9
fashion,noun,18483,7
pepper,noun,20220,6
busy,adjective,18500,4
intervention,noun,21021,12
copy,noun,18244,4
tip,noun,18868,3
cheap,adjective,18371,5
welfare,noun,19580,7
vegetable,noun,19363,9
gray,adjective,19408,4
dish,noun,18887,4
beach,noun,18451,5
improvement,noun,18977,11
opening,noun,18058,7
overall,adjective,19031,7
initial,adjective,19019,7
terrible,adjective,18659,8
contemporary,adjective,19293,12
route,noun,18313,5
multiple,adjective,19512,8
essential,adjective,19030,9
league,noun,19766,6
criminal,adjective,18424,8
careful,adjective,17885,7
core,noun,18571,4
upper,adjective,18196,5
tired,adjective,18597,5
rise,noun,18055,4
tie,noun,17787,3
holiday,noun,18299,7
vast,adjective,17836,4
resolution,noun,18922,10
household,noun,18450,9
abortion,noun,18925,8
witness,noun,18920,7
sector,noun,19103,6
representative,noun,18189,14
black,noun,18441,5
incident,noun,17880,8
limited,adjective,18532,7
proud,adjective,17841,5
flow,noun,18469,4
faculty,noun,20104,7
increased,adjective,18984,9
waste,noun,19069,5
mass,noun,18107,4
experiment,noun,18440,10
bomb,noun,18284,4
enormous,adjective,17482,8
tone,noun,17954,4
liberal,adjective,18228,7
massive,adjective,17551,7
engineer,noun,17991,8
wheel,noun,18296,5
female,noun,18932,6
promise,noun,17342,7
cable,noun,18277,5
rural,adjective,18665,5
AIDS,noun,19384,4
Jew,noun,17893,3
narrow,adjective,17840,6
cream,noun,18443,5
secretary,noun,17922,9
gate,noun,17999,4
solid,adjective,17675,5
hill,noun,18131,4
noise,noun,18024,5
grass,noun,18139,5
hat,noun,18198,3
legislation,noun,17934,11
achievement,noun,18998,11
fishing,noun,18103,7
drink,noun,18227,5
useful,adjective,18205,6
secret,adjective,17305,6
talent,noun,17474,6
taste,noun,17409,5
characteristic,noun,19621,14
milk,noun,17812,4
sentence,noun,17162,8
unusual,adjective,16997,7
height,noun,17403,6
physician,noun,17707,9
sleep,noun,17882,5
ride,noun,17654,4
sharp,adjective,17403,5
creative,adjective,17597,8
explanation,noun,17712,11
outside,adjective,16797,7
gay,adjective,17428,3
campus,noun,17541,6
proper,adjective,17024,6
live,adjective,17365,4
guilty,adjective,17596,6
living,adjective,16823,6
technical,adjective,17594,9
potential,noun,17523,9
immigrant,noun,17615,9
weak,adjective,16628,4
illegal,adjective,17258,7
alternative,noun,17197,11
interaction,noun,19144,11
column,noun,16810,6
personality,noun,16933,11
signal,noun,16835,6
curriculum,noun,19193,10
honor,noun,16686,5
passenger,noun,16933,9
assistance,noun,17396,10
fun,adjective,16932,3
Israeli,adjective,17967,7
association,noun,17759,11
lab,noun,16498,3
offer,noun,16612,5
criticism,noun,17049,9
asset,noun,16977,5
depression,noun,16976,10
spiritual,adjective,17074,9
musical,adjective,16931,7
journalist,noun,16858,10
prayer,noun,16296,6
scholar,noun,17482,7
warning,noun,16205,7
climate,noun,17189,7
cheese,noun,17416,6
observation,noun,17500,11
childhood,noun,16268,9
payment,noun,16704,7
sir,noun,17733,3
cigarette,noun,17160,9
definition,noun,17499,10
priority,noun,16586,8
bread,noun,16686,5
creation,noun,16967,8
graduate,noun,16803,8
request,noun,16241,7
emotion,noun,16062,7
dramatic,adjective,16233,8
universe,noun,16596,8
gap,noun,16216,3
excellent,adjective,16094,9
prosecutor,noun,17260,10
mark,noun,15973,4
green,noun,16776,5
lucky,adjective,16550,5
airline,noun,17164,7
library,noun,16314,7
agenda,noun,16449,6
factory,noun,16240,7
selection,noun,16706,9
roof,noun,16520,4
unable,adjective,15901,6
expense,noun,16274,7
initiative,noun,16445,10
diet,noun,16933,4
funding,noun,16282,7
therapy,noun,16351,7
schedule,noun,15987,8
sad,adjective,16163,3
brief,adjective,15770,5
housing,noun,16403,7
post,noun,15693,4
existing,adjective,16654,8
dark,noun,16865,4
steel,noun,15982,5
remaining,adjective,15992,9
visual,adjective,17316,6
chip,noun,16162,4
violent,adjective,15765,7
silent,adjective,16802,6
self,noun,16708,4
bike,noun,17306,4
tea,noun,16373,3
comparison,noun,16809,10
settlement,noun,16172,10
layer,noun,16250,5
planning,noun,16434,8
description,noun,16415,11
later,adjective,15734,5
wedding,noun,15829,7
portion,noun,15677,7
territory,noun,15831,9
immediate,adjective,15680,9
opponent,noun,15803,8
link,noun,15738,4
mass,adjective,15939,4
lake,noun,15836,4
tension,noun,15614,7
display,noun,15575,7
leading,adjective,15665,7
alcohol,noun,15877,7
saving,noun,15917,6
gain,noun,15822,4
desert,noun,15653,6
error,noun,15980,5
release,noun,15540,7
cop,noun,16228,3
Arab,adjective,16732,4
double,adjective,15233,6
walk,noun,15632,4
sand,noun,15658,4
Spanish,adjective,15512,7
hit,noun,15766,3
print,noun,15634,5
passage,noun,15702,7
formal,adjective,16078,6
transition,noun,16058,10
existence,noun,15969,9
album,noun,15869,5
participation,noun,17187,13
atmosphere,noun,15310,10
joint,adjective,15444,5
cycle,noun,15775,5
opposite,adjective,15554,8
whole,noun,15558,5
consistent,adjective,16334,10
resistance,noun,15686,10
discovery,noun,15358,9
exposure,noun,15979,8
stream,noun,15400,6
sale,noun,15351,4
trust,noun,15170,5
pot,noun,15407,3
grand,adjective,15659,5
coalition,noun,15720,9
tale,noun,15004,4
knife,noun,15792,5
racial,adjective,15687,6
phase,noun,16045,5
present,noun,15267,7
joke,noun,15284,4
coat,noun,16010,4
Mexican,adjective,15514,7
symptom,noun,15886,7
manufacturer,noun,15741,12
philosophy,noun,15746,10
potato,noun,15561,6
foundation,noun,15273,10
online,adjective,15848,6
pass,noun,15599,4
negotiation,noun,15680,11
good,noun,15259,4
occasion,noun,14792,8
dust,noun,15475,4
investigator,noun,15258,12
jacket,noun,15692,6
glad,adjective,15556,4
ordinary,adjective,14776,8
reduction,noun,15862,9
shift,noun,15114,5
suicide,noun,15145,7
numerous,adjective,15389,8
touch,noun,14939,5
substance,noun,15909,9
discipline,noun,15684,10
iron,noun,15043,4
practical,adjective,15303,9
passion,noun,14632,7
volunteer,noun,14958,9
gene,noun,15377,4
enforcement,noun,15052,11
sauce,noun,15903,5
independence,noun,15259,12
marketing,noun,15259,9
priest,noun,14889,6
amazing,adjective,15124,7
intense,adjective,14452,7
advance,noun,14645,7
employer,noun,14846,8
shock,noun,14551,5
visible,adjective,14691,7
illness,noun,14726,7
cap,noun,14672,3
habit,noun,14501,5
competitive,adjective,14938,11
juice,noun,15388,5
congressional,adjective,14936,13
involvement,noun,15640,11
Indian,noun,15021,6
disaster,noun,14684,8
parking,noun,14970,7
prospect,noun,14521,8
boss,noun,14587,4
complaint,noun,14551,9
championship,noun,16008,12
fundamental,adjective,15199,11
severe,adjective,14609,6
mystery,noun,14211,7
poverty,noun,14891,7
entry,noun,14643,5
fat,adjective,14826,3
spending,noun,14965,8
king,noun,14445,4
symbol,noun,14596,6
still,adjective,14308,5
maker,noun,14586,5
mood,noun,14227,4
emphasis,noun,15337,8
boot,noun,15033,4
Asian,adjective,14873,5
entertainment,noun,14615,13
bean,noun,14996,4
evaluation,noun,16213,10
creature,noun,14852,8
commander,noun,14425,9
digital,adjective,15048,7
arrangement,noun,14403,11
total,noun,14559,5
usual,adjective,14305,5
anger,noun,14241,5
psychological,adjective,15249,13
peak,noun,14481,4
increasing,adjective,14886,10
disorder,noun,14780,8
missile,noun,15147,7
wire,noun,14310,4
round,noun,14539,5
distribution,noun,15249,12
transportation,noun,14516,14
holy,adjective,14090,4
twin,noun,14610,4
command,noun,14022,7
commission,noun,14371,10
interpretation,noun,15613,14
breakfast,noun,14397,9
stop,noun,14117,4
engineering,noun,14853,11
luck,noun,14186,4
so-called,adjective,14065,9
constant,adjective,14069,8
clinic,noun,14016,6
veteran,noun,14366,7
tablespoon,noun,15804,10
capable,adjective,13933,7
nervous,adjective,14100,7
tourist,noun,13895,7
crucial,adjective,14234,7
tomato,noun,14864,6
exception,noun,14136,9
butter,noun,14780,6
deficit,noun,15008,7
bathroom,noun,14725,8
objective,noun,15107,9
electronic,adjective,14057,10
ally,noun,14025,4
journey,noun,13599,7
reputation,noun,13681,10
mixture,noun,14856,7
tower,noun,13948,5
smoke,noun,14327,5
pure,adjective,13671,4
dimension,noun,14965,9
toy,noun,13935,3
prisoner,noun,13928,8
fellow,adjective,13585,6
smooth,adjective,14148,6
nearby,adjective,13820,6
peer,noun,14738,4
designer,noun,14210,8
personnel,noun,14095,9
educator,noun,15447,8
relative,noun,13541,8
immigration,noun,14526,11
belt,noun,13826,4
teaspoon,noun,15767,8
birthday,noun,13757,8
implication,noun,14791,11
coast,noun,13515,5
supporter,noun,13970,9
silver,noun,14033,6
teenager,noun,13615,8
recognition,noun,14249,11
retirement,noun,13964,10
flag,noun,13655,4
recovery,noun,13703,8
watch,noun,13996,5
gentleman,noun,14648,9
corn,noun,13739,4
moon,noun,13959,4
inner,adjective,13545,5
junior,adjective,13797,6
throat,noun,14681,6
salary,noun,13885,6
observer,noun,13806,8
due,adjective,13252,3
straight,adjective,13474,8
publication,noun,14045,11
pretty,adjective,13951,6
crop,noun,13733,4
strike,noun,13686,6
permanent,adjective,13390,9
phenomenon,noun,14087,10
anxiety,noun,14088,7
wet,adjective,13963,3
convention,noun,14497,10
exhibition,noun,13987,10
viewer,noun,13479,6
pan,noun,14148,3
consultant,noun,13646,10
administrator,noun,14058,13
mayor,noun,13903,5
consideration,noun,14047,13
CEO,noun,13956,3
pink,adjective,13849,4
estimate,noun,13718,8
buck,noun,13693,4
historic,adjective,13507,8
poem,noun,13702,4
grandmother,noun,13670,11
enterprise,noun,13542,10
testing,noun,13725,7
stomach,noun,13845,7
apparent,adjective,13434,8
sensitive,adjective,13115,9
suggestion,noun,13145,10
mail,noun,13024,4
recipe,noun,13840,6
reasonable,adjective,13130,10
preparation,noun,13553,11
wooden,adjective,13518,6
elementary,adjective,13831,10
concert,noun,13270,7
aggressive,adjective,13191,10
false,adjective,12871,5
intention,noun,13207,9
channel,noun,12975,7
extreme,adjective,13064,7
tube,noun,13364,4
drawing,noun,13377,7
protein,noun,14036,7
absence,noun,13597,7
roll,noun,13053,4
Latin,adjective,13797,5
jail,noun,13324,4
diversity,noun,13872,9
honest,adjective,12916,6
Palestinian,adjective,14008,11
pace,noun,12891,4
employment,noun,13673,10
speaker,noun,12889,7
impression,noun,12746,10
essay,noun,13802,5
respondent,noun,15057,10
giant,adjective,12963,5
cake,noun,13336,4
historian,noun,13437,9
substantial,adjective,13376,11
specialist,noun,13041,10
origin,noun,13654,6
approval,noun,12795,8
mine,noun,12824,4
conventional,adjective,13209,12
drop,noun,12757,4
count,noun,13007,5
depth,noun,12927,5
wealth,noun,12886,6
disability,noun,14197,10
shell,noun,12957,5
fast,adjective,12738,4
professional,noun,13402,12
biological,adjective,13233,10
pack,noun,13238,4
onion,noun,13769,5
deputy,noun,12972,6
flat,adjective,12899,4
brand,noun,13103,5
mad,adjective,12903,3
award,noun,12874,5
criteria,noun,14160,8
dealer,noun,12999,6
alternative,adjective,13289,11
utility,noun,13150,7
armed,adjective,12966,5
highway,noun,12649,7
clinical,adjective,13593,8
routine,noun,12576,7
wage,noun,13033,4
phrase,noun,12558,6
ingredient,noun,13382,10
stake,noun,12603,5
Muslim,adjective,13147,6
fiber,noun,13606,5
activist,noun,12737,8
Islamic,adjective,13323,7
terrorism,noun,13806,9
refugee,noun,13010,7
hip,noun,12863,3
ultimate,adjective,12542,8
corporation,noun,12612,11
valuable,adjective,12628,8
assumption,noun,13434,10
gear,noun,12872,4
barrier,noun,12772,7
minor,adjective,12346,5
provision,noun,13256,9
killer,noun,12631,6
gang,noun,12662,4
developing,adjective,13171,10
classic,adjective,12610,7
chemical,noun,12673,8
label,noun,12497,5
teen,noun,12663,4
index,noun,12751,5
vacation,noun,12424,8
advocate,noun,12565,8
draft,noun,12684,5
extraordinary,adjective,12356,13
heaven,noun,12461,6
rough,adjective,12365,5
pregnant,adjective,12329,8
distant,adjective,12542,7
drama,noun,12393,5
satellite,noun,12438,9
wonder,noun,12265,6
clock,noun,12395,5
chocolate,noun,12682,9
Italian,adjective,12384,7
Canadian,adjective,12820,8
ceiling,noun,12668,7
advertising,noun,12601,11
universal,adjective,12590,9
button,noun,12552,6
bell,noun,12421,4
rank,noun,12236,4
darkness,noun,13275,8
clothing,noun,12078,8
super,adjective,12586,5
fence,noun,12390,5
portrait,noun,12340,8
paint,noun,12673,5
survival,noun,12335,8
lawsuit,noun,12656,7
bottom,adjective,12169,6
testimony,noun,12679,9
bunch,noun,12225,5
beat,noun,13118,4
burden,noun,12054,6
chamber,noun,12034,7
furniture,noun,12461,9
cooperation,noun,12833,11
string,noun,11974,6
ceremony,noun,11923,8
cheek,noun,13411,5
lost,adjective,11886,4
profile,noun,12089,7
mechanism,noun,12948,9
penalty,noun,12310,7
match,noun,12025,5
resort,noun,12379,6
destruction,noun,12356,11
bear,noun,12194,4
unlikely,adjective,11869,8
tissue,noun,12342,6
constitutional,adjective,12567,14
pant,noun,12457,4
stranger,noun,12261,8
infection,noun,12402,9
cabinet,noun,11846,7
broken,adjective,12097,6
apple,noun,12172,5
electric,adjective,12007,8
literary,adjective,12801,8
virus,noun,12106,5
stupid,adjective,12467,6
dispute,noun,12203,7
fortune,noun,11815,7
strategic,adjective,12347,9
assistant,noun,11828,9
remarkable,adjective,11683,10
statistics,noun,12086,10
shopping,noun,11957,8
cousin,noun,12155,6
blind,adjective,12005,5
white,noun,11815,5
port,noun,11893,4
electricity,noun,11954,11
genetic,adjective,12069,7
adviser,noun,12112,7
pay,noun,11883,3
spokesman,noun,12689,9
incentive,noun,12105,9
slave,noun,11863,5
chemical,adjective,12006,8
accurate,adjective,11842,8
terror,noun,12342,6
expansion,noun,12054,9
elite,noun,12329,5
Olympic,adjective,13072,7
dirt,noun,12063,4
odd,adjective,11849,3
rice,noun,11944,4
bullet,noun,11706,6
tight,adjective,11641,5
Bible,noun,11539,5
chart,noun,11861,5
solar,adjective,12121,5
decline,noun,11956,7
conservative,noun,11941,12
square,adjective,11630,6
stick,noun,11795,5
concentration,noun,12146,13
complicated,adjective,11306,11
champion,noun,12247,8
scenario,noun,11747,8
telescope,noun,12754,9
reflection,noun,11882,10
revolution,noun,11800,10
strip,noun,11543,5
friendly,adjective,11360,8
tournament,noun,12684,10
fiction,noun,11701,7
tremendous,adjective,11678,10
lifetime,noun,11293,8
recommendation,noun,11824,14
senator,noun,12091,7
hunting,noun,12100,7
salad,noun,12103,5
innocent,adjective,11530,8
boundary,noun,12082,8
remote,adjective,11346,6
satisfaction,noun,12237,12
journal,noun,11849,7
bench,noun,11666,5
lover,noun,11499,5
raw,adjective,11310,3
awareness,noun,12013,9
surprising,adjective,11327,10
general,noun,11344,7
deck,noun,11830,4
pole,noun,11446,4
mode,noun,12107,4
dialogue,noun,11706,8
mutual,adjective,11566,6
founder,noun,11570,7
advanced,adjective,11626,8
pride,noun,11107,5
aircraft,noun,11591,8
delivery,noun,11323,8
platform,noun,11209,8
finance,noun,11501,7
attractive,adjective,11119,10
diverse,adjective,12015,7
relevant,adjective,12212,8
ideal,adjective,11609,5
joy,noun,11171,3
worth,noun,11237,5
working,adjective,11200,7
singer,noun,11277,6
shooting,noun,11633,8
unknown,adjective,11095,7
assistant,adjective,11391,9
offense,noun,11680,7
counter,noun,11676,7
DNA,noun,11580,3
smell,noun,12123,5
transfer,noun,11830,8
protest,noun,11181,7
crash,noun,11250,5
craft,noun,11559,5
treaty,noun,11689,6
terrorist,noun,12169,9
insight,noun,11591,7
lie,noun,11199,3
extensive,adjective,11580,9
episode,noun,11070,7
fault,noun,11116,5
loose,adjective,11299,5
considerable,adjective,11544,12
intellectual,adjective,11842,12
mix,noun,11247,3
assault,noun,11039,7
stair,noun,12171,5
adventure,noun,11031,9
external,adjective,12260,8
proof,noun,10775,5
confident,adjective,10831,9
headquarters,noun,11135,12
sudden,adjective,11370,6
dirty,adjective,11112,5
violation,noun,11154,9
tongue,noun,11674,6
license,noun,10943,7
hold,noun,10984,4
shelter,noun,10891,7
controversy,noun,11054,11
entrance,noun,11121,8
favorite,noun,11134,8
defensive,adjective,11442,9
tragedy,noun,11039,7
net,noun,10918,3
funeral,noun,11086,7
profession,noun,11469,10
establishment,noun,11355,13
imagination,noun,10913,11
mask,noun,11196,4
comprehensive,adjective,11602,13
prominent,adjective,10948,9
presentation,noun,11372,12
stable,adjective,10964,6
introduction,noun,11483,12
elderly,adjective,10976,7
representation,noun,12063,14
deer,noun,11665,4
partnership,noun,11115,11
pollution,noun,11396,9
emission,noun,11688,8
steady,adjective,10715,6
vital,adjective,10866,5
fate,noun,10521,4
earnings,noun,11324,8
oven,noun,11454,4
distinction,noun,11383,11
segment,noun,10850,7
poet,noun,10840,4
mere,adjective,10778,4
exciting,adjective,10595,8
variation,noun,11403,9
comfort,noun,10674,7
radical,adjective,10924,7
Irish,adjective,10833,5
honey,noun,11009,5
correspondent,noun,12008,13
pale,adjective,11598,4
musician,noun,10580,8
significance,noun,11520,12
load,noun,10869,4
round,adjective,10771,5
vessel,noun,10920,6
storage,noun,10893,7
leather,noun,11155,7
evolution,noun,11066,9
ill,adjective,10446,3
tribe,noun,10855,5
shelf,noun,10741,5
can,noun,10718,3
grandfather,noun,11003,11
lawn,noun,10815,4
buyer,noun,10953,5
dining,noun,10843,6
wisdom,noun,10561,6
council,noun,10695,7
vulnerable,adjective,10397,10
instance,noun,10885,8
garlic,noun,11449,6
capability,noun,10906,10
poetry,noun,10671,6
celebrity,noun,10756,9
stability,noun,10901,9
fantasy,noun,10448,7
scared,adjective,10752,6
plot,noun,10484,4
framework,noun,11710,9
gesture,noun,10739,7
ongoing,adjective,10721,7
psychology,noun,11316,10
counselor,noun,12170,9
chapter,noun,10579,7
fellow,noun,10339,6
divorce,noun,10322,7
pipe,noun,10432,4
athletic,adjective,10803,8
slight,adjective,10500,6
math,noun,10430,4
shade,noun,10677,5
tail,noun,10663,4
obligation,noun,10538,10
angle,noun,10456,5
palm,noun,11014,4
custom,noun,10408,6
economist,noun,10625,9
soup,noun,10571,4
celebration,noun,10209,11
efficient,adjective,10452,9
composition,noun,10961,11
pile,noun,10594,4
carbon,noun,10799,6
closer,adjective,9976,6
scheme,noun,10428,6
crack,noun,10330,5
frequency,noun,11284,9
tobacco,noun,10600,7
survivor,noun,10317,8
psychologist,noun,10698,12
wealthy,adjective,10054,7
galaxy,noun,11159,6
given,adjective,10622,5
ski,noun,11656,3
limitation,noun,11038,10
OK,adjective,10733,2
appointment,noun,9993,11
preference,noun,10833,10
meter,noun,10246,5
explosion,noun,10148,9
arrest,noun,10250,6
incredible,adjective,10342,10
fighter,noun,10306,7
rapid,adjective,10427,5
admission,noun,10356,9
hunter,noun,10839,6
painful,adjective,9896,7
friendship,noun,10130,10
aide,noun,10335,4
infant,noun,10205,6
porch,noun,10894,5
tendency,noun,10642,8
uniform,noun,10193,7
formation,noun,10553,9
scholarship,noun,10305,11
reservation,noun,10215,11
efficiency,noun,10579,10
mall,noun,10189,4
scandal,noun,10403,7
PC,noun,11072,2
helpful,adjective,10120,7
heel,noun,10288,4
privacy,noun,9956,7
fabric,noun,10320,6
contest,noun,10002,7
proportion,noun,10521,10
guideline,noun,10303,9
rifle,noun,10204,5
maintenance,noun,10167,11
conviction,noun,9834,10
trick,noun,10041,5
organic,adjective,10572,7
tent,noun,10110,4
examination,noun,10722,11
publisher,noun,10282,9
French,noun,9845,6
proposed,adjective,10288,8
myth,noun,10161,4
sophisticated,adjective,9886,13
cow,noun,10032,3
standing,noun,9691,8
asleep,adjective,10684,6
tennis,noun,9985,6
nerve,noun,9933,5
barrel,noun,9951,6
bombing,noun,10462,7
membership,noun,10273,10
ratio,noun,10457,5
menu,noun,10238,4
purchase,noun,10001,8
controversial,adjective,9918,13
desperate,adjective,9795,9
lifestyle,noun,9904,9
humor,noun,9654,5
loud,adjective,10324,4
glove,noun,10218,5
suspect,noun,10204,7
sufficient,adjective,10275,10
narrative,noun,10954,9
photographer,noun,9739,12
helicopter,noun,9986,10
Catholic,noun,9955,8
modest,adjective,9746,6
provider,noun,10196,8
delay,noun,9868,5
agricultural,adjective,10535,12
stroke,noun,9891,6
scope,noun,10115,5
punishment,noun,9986,10
handful,noun,9735,7
horizon,noun,9857,7
curious,adjective,9738,7
downtown,adjective,10172,8
girlfriend,noun,9832,10
cholesterol,noun,10641,11
adjustment,noun,10309,10
taxpayer,noun,10113,8
eager,adjective,9627,5
principal,noun,9920,9
detailed,adjective,10006,8
motivation,noun,10566,10
assignment,noun,9874,10
restriction,noun,9928,11
Palestinian,noun,10484,11
laboratory,noun,9972,10
workshop,noun,9926,8
auto,noun,10006,4
romantic,adjective,9561,8
cotton,noun,9734,6
motor,noun,9977,5
flavor,noun,10143,6
sequence,noun,10041,8
demonstration,noun,9729,13
jet,noun,9690,3
orange,adjective,9755,6
consumption,noun,10162,11
blade,noun,10394,5
temporary,adjective,9465,9
medication,noun,9789,10
cabin,noun,9955,5
relative,adjective,10283,8
edition,noun,9638,7
valley,noun,9708,6
pitch,noun,9586,5
pine,noun,9824,4
brilliant,adjective,9493,9
manufacturing,noun,9822,13
Christian,noun,9751,9
complex,noun,9573,7
absolute,adjective,9622,8
chef,noun,10131,4
discrimination,noun,9872,14
offensive,adjective,9902,9
German,noun,9586,6
boom,noun,9457,4
heritage,noun,9670,8
God,noun,9694,3
terrorist,adjective,10390,9
dominant,adjective,10143,8
shit,noun,11047,4
lemon,noun,10095,5
hungry,adjective,9653,6
economics,noun,9758,9
naked,adjective,9897,5
nut,noun,9605,3
legacy,noun,9461,6
extension,noun,9672,9
fly,noun,9689,3
battery,noun,9793,7
arrival,noun,9302,7
legitimate,adjective,9543,10
orientation,noun,10613,11
inflation,noun,9758,9
flame,noun,9716,5
cluster,noun,9821,7
wound,noun,9404,5
dependent,adjective,10029,9
shower,noun,9624,6
institutional,adjective,10397,13
operating,noun,9480,9
flesh,noun,9867,5
garage,noun,9573,6
operator,noun,9351,8
instructor,noun,9912,10
comedy,noun,9596,6
mortgage,noun,10022,8
sanction,noun,10163,8
civilian,adjective,9684,8
weekly,adjective,9297,6
habitat,noun,9665,7
grain,noun,9520,5
consciousness,noun,9758,13
measurement,noun,10187,11
province,noun,9491,8
ethics,noun,9561,6
nomination,noun,9698,10
permission,noun,9298,10
wise,adjective,9101,4
actress,noun,9448,7
summit,noun,9628,6
acid,noun,9772,4
odds,noun,9094,4
gifted,adjective,10941,6
frustration,noun,9005,11
medium,noun,9523,6
grant,noun,9372,5
shore,noun,9191,5
lung,noun,9206,4
firm,adjective,9036,4
running,adjective,9271,7
distinct,adjective,9682,8
artistic,adjective,9423,8
discourse,noun,10560,9
basket,noun,9316,6
fighting,noun,9274,8
impressive,adjective,9100,10
competitor,noun,9377,10
ugly,adjective,9267,4
worried,adjective,9215,7
powder,noun,9639,6
ghost,noun,9564,5
moderate,adjective,9220,8
subsequent,adjective,9796,10
continued,adjective,9402,9
cookie,noun,9480,6
carrier,noun,9251,7
cooking,noun,9403,7
frequent,adjective,9267,8
swing,noun,9214,5
orange,noun,9219,6
awful,adjective,9300,5
pet,noun,9118,3
miracle,noun,8981,7
rhythm,noun,9010,6
widespread,adjective,9319,10
killing,noun,9109,7
lovely,adjective,9327,6
sin,noun,9048,3
charity,noun,9054,7
script,noun,8924,6
tactic,noun,8993,6
identification,noun,9793,14
transformation,noun,9561,14
everyday,adjective,9065,8
headline,noun,9272,8
venture,noun,9278,7
invasion,noun,9412,8
military,noun,9288,8
adequate,adjective,9406,8
piano,noun,8968,5
grocery,noun,9017,7
intensity,noun,9238,9
blanket,noun,9385,7
margin,noun,8994,6
principal,adjective,9218,9
quarterback,noun,10014,11
mouse,noun,9449,5
rope,noun,9300,4
concrete,adjective,8871,8
prescription,noun,9169,12
African-American,adjective,9121,16
brick,noun,9069,5
patch,noun,9155,5
consensus,noun,9250,9
horror,noun,8875,6
recording,noun,8866,9
changing,adjective,9055,8
painter,noun,9153,7
colonial,adjective,9628,8
pie,noun,9019,3
sake,noun,8954,4
gaze,noun,9852,4
courage,noun,8720,7
pregnancy,noun,8944,9
clue,noun,8732,4
win,noun,9584,3
confusion,noun,8751,9
slice,noun,9337,5
occupation,noun,9115,10
dear,adjective,9151,4
coal,noun,8928,4
sacred,adjective,9018,6
criminal,noun,8854,8
formula,noun,8965,7
cognitive,adjective,10166,9
collective,adjective,9384,10
exact,adjective,8643,5
uncle,noun,9355,5
square,noun,8906,6
captain,noun,9087,7
okay,adjective,9499,4
homeless,adjective,9149,8
gallery,noun,8963,7
soccer,noun,9212,6
defendant,noun,9230,9
tunnel,noun,9024,6
fitness,noun,9261,7
lap,noun,9260,3
grave,noun,8868,5
toe,noun,9047,3
container,noun,8956,9
virtue,noun,9111,6
architect,noun,8969,9
makeup,noun,8916,6
inquiry,noun,9136,7
rose,noun,8988,4
indication,noun,8715,10
rail,noun,8826,4
anniversary,noun,8676,11
couch,noun,9209,5
alliance,noun,8948,8
hypothesis,noun,9890,10
boyfriend,noun,8755,9
mess,noun,8745,4
legend,noun,8660,6
adolescent,noun,10568,10
norm,noun,9360,4
remark,noun,8453,6
reward,noun,8662,6
gentle,adjective,8766,6
related,adjective,9227,7
organ,noun,8596,5
laughter,noun,9019,8
fit,adjective,8550,3
northwest,noun,8650,9
counseling,noun,9303,10
receiver,noun,8882,8
ritual,noun,8883,6
insect,noun,8814,6
salmon,noun,8860,6
favor,noun,8403,5
trading,noun,8787,7
magic,adjective,8506,5
superior,adjective,8632,8
combat,noun,8675,6
stem,noun,8963,4
surgeon,noun,8519,7
hay,noun,8723,3
physics,noun,9184,7
rape,noun,8790,4
counsel,noun,9387,7
brush,noun,8821,5
jeans,noun,8851,5
continuous,adjective,8996,10
log,noun,8606,3
pill,noun,8537,4
excited,adjective,8491,7
sculpture,noun,8659,9
compound,noun,8573,8
flour,noun,9103,5
bitter,adjective,8353,6
bare,adjective,8943,4
slope,noun,8573,5
presidency,noun,8814,10
serving,noun,9453,7
subtle,adjective,8442,6
bishop,noun,8639,6
drinking,noun,8446,8
cry,noun,8648,3
acceptance,noun,8870,10
collapse,noun,8397,8
pump,noun,8617,4
candy,noun,8633,5
evil,noun,8391,4
final,noun,8964,5
pleased,adjective,8502,7
medal,noun,8991,5
ethical,adjective,9018,7
secondary,adjective,9121,9
export,noun,9013,6
experimental,adjective,9019,12
midnight,noun,8440,8
net,adjective,8563,3
curve,noun,8397,5
integrity,noun,8463,9
evident,adjective,8753,7
logic,noun,8646,5
essence,noun,8388,7
harsh,adjective,8092,5
closet,noun,8597,6
suburban,adjective,8463,8
interior,noun,8370,8
corridor,noun,8842,8
retail,adjective,8600,6
pitcher,noun,8835,7
snake,noun,8523,5
cross,noun,8207,5
weakness,noun,8275,8
pig,noun,8307,3
cold,noun,8527,4
classical,adjective,8475,9
estimated,adjective,8464,9
T-shirt,noun,8386,7
unemployment,noun,8471,12
civilization,noun,8447,12
patient,adjective,8504,7
pop,noun,8316,3
missing,adjective,8232,7
correlation,noun,9584,11
humanity,noun,8259,8
developer,noun,8671,9
reliable,adjective,8302,8
excitement,noun,8160,10
beef,noun,8416,4
Islam,noun,8755,5
Roman,adjective,8299,5
stretch,noun,8285,7
architecture,noun,8449,12
occasional,adjective,8162,10
administrative,adjective,8895,14
elbow,noun,8536,5
deadly,adjective,8196,6
Muslim,noun,8498,6
Hispanic,adjective,8690,8
allegation,noun,8675,10
airplane,noun,8254,8
monthly,adjective,8335,7
duck,noun,8335,4
dose,noun,8291,4
Korean,adjective,8441,6
lecture,noun,8278,7
van,noun,8364,3
bay,noun,8209,3
mainstream,adjective,8170,10
suburb,noun,8249,6
sandwich,noun,8298,8
unlike,adjective,8103,6
trunk,noun,8400,5
rumor,noun,8023,5
implementation,noun,9293,14
longtime,adjective,8439,8
cloth,noun,8287,5
legislative,adjective,8384,11
effectiveness,noun,8889,13
lens,noun,8313,4
reach,noun,7982,5
inspector,noun,8652,9
plain,adjective,8015,5
fraud,noun,8176,5
companion,noun,8136,9
nail,noun,8255,4
array,noun,8167,5
strict,adjective,8013,6
rat,noun,8177,3
hallway,noun,8717,7
cave,noun,8261,4
inevitable,adjective,7889,10
southwest,noun,8190,9
monster,noun,8164,7
unexpected,adjective,7829,10
obstacle,noun,8075,8
encounter,noun,8073,9
herb,noun,8279,4
overwhelming,adjective,7831,12
integration,noun,8847,11
crystal,noun,8035,7
recession,noun,8809,9
wish,noun,7789,4
written,adjective,8371,7
motive,noun,8029,6
flood,noun,7986,5
pen,noun,8117,3
ownership,noun,8177,9
nightmare,noun,7895,9
notice,noun,7762,6
inspection,noun,8128,10
supervisor,noun,8049,10
arena,noun,8008,5
laugh,noun,8164,5
diagnosis,noun,8454,9
possession,noun,7828,10
basement,noun,7988,8
prosecution,noun,8941,11
maximum,adjective,8075,7
announcement,noun,7863,12
warrior,noun,7975,7
prediction,noun,7996,10
bacteria,noun,8256,8
questionnaire,noun,9123,13
mud,noun,8026,3
infrastructure,noun,7961,14
privilege,noun,7923,9
temple,noun,7949,6
medium,adjective,8586,6
outdoor,adjective,8101,7
broadcast,noun,8130,9
random,adjective,7818,6
wrist,noun,8250,5
curtain,noun,8204,7
monitor,noun,7879,7
pond,noun,7971,4
domain,noun,8641,6
guilt,noun,7746,5
cattle,noun,7827,6
walking,noun,7847,7
playoff,noun,8803,7
minimum,adjective,8011,7
fiscal,adjective,8005,6
skirt,noun,8167,5
database,noun,8094,8
uncomfortable,adjective,7667,13
aim,noun,7973,3
limb,noun,8018,4
ideology,noun,8485,8
welcome,adjective,7798,7
continuing,adjective,7845,10
harm,noun,7619,4
railroad,noun,7796,8
radiation,noun,7912,9
horn,noun,7813,4
chronic,adjective,8036,7
peaceful,adjective,7704,8
innovation,noun,8099,10
strain,noun,7713,6
guitar,noun,7712,6
replacement,noun,7734,11
dancer,noun,7664,6
amendment,noun,8132,9
pad,noun,7846,3
transmission,noun,7829,12
retired,adjective,7869,7
grateful,adjective,7597,8
grace,noun,7634,5
virtual,adjective,7776,7
colony,noun,7822,6
adoption,noun,7986,8
slide,noun,7780,5
indigenous,adjective,8785,10
closed,adjective,7500,6
civilian,noun,7889,8
towel,noun,7978,5
particle,noun,7925,8
glance,noun,8122,6
prize,noun,7519,5
landing,noun,7646,7
conduct,noun,7821,7
blue,noun,7671,4
bat,noun,7694,3
alarm,noun,7631,5
festival,noun,7775,8
grip,noun,7724,4
weird,adjective,7709,5
freshman,noun,7849,8
sweat,noun,8036,5
outer,adjective,7618,5
European,noun,7688,8
drunk,adjective,7890,5
separation,noun,7760,10
southeast,noun,7589,9
intelligent,adjective,7373,11
ballot,noun,9217,6
rhetoric,noun,7765,8
convinced,adjective,7389,9
driving,adjective,7438,7
vitamin,noun,8245,7
enthusiasm,noun,7368,10
wilderness,noun,7916,10
endless,adjective,7458,7
mandate,noun,7704,7
pause,noun,8140,5
excuse,noun,7388,6
uncertainty,noun,7671,11
chaos,noun,7304,5
mechanical,adjective,7835,10
canvas,noun,7795,6
lobby,noun,7556,5
profound,adjective,7477,8
format,noun,7910,6
trait,noun,7980,5
currency,noun,7753,8
turkey,noun,7757,6
reserve,noun,7585,7
beam,noun,7625,4
astronomer,noun,8157,10
corruption,noun,7518,10
contractor,noun,7634,10
doctrine,noun,8081,8
genuine,adjective,7336,7
thumb,noun,7659,5
unity,noun,7810,5
compromise,noun,7469,10
horrible,adjective,7538,8
behavioral,adjective,8320,10
exclusive,adjective,7402,9
rush,noun,7458,4
complexity,noun,7813,10
fork,noun,7742,4
disk,noun,7898,4
suspicion,noun,7187,9
lock,noun,7605,4
finish,noun,7585,6
residence,noun,7332,9
shame,noun,7347,5
meaningful,adjective,7719,10
sidewalk,noun,7668,8
Olympics,noun,8039,8
technological,adjective,7780,13
signature,noun,7349,9
pleasant,adjective,7425,8
rebel,noun,7525,5
frozen,adjective,7474,6
spouse,noun,7510,6
fluid,noun,7464,5
pension,noun,7660,7
theoretical,adjective,8320,11
sodium,noun,7998,6
blow,noun,7324,4
promotion,noun,7416,9
delicate,adjective,7332,8
forehead,noun,8123,8
electrical,adjective,7347,10
hook,noun,7382,4
detective,noun,7441,9
traveler,noun,7336,8
compensation,noun,7512,12
exit,noun,7333,4
attraction,noun,7280,10
pickup,noun,7415,6
needle,noun,7378,6
belly,noun,7784,5
portfolio,noun,7663,9
shuttle,noun,7593,7
invisible,adjective,7355,9
timing,noun,7345,6
engagement,noun,7675,10
ankle,noun,7397,5
transaction,noun,7418,11
counterpart,noun,7484,11
mild,adjective,7211,4
rider,noun,7450,5
doll,noun,7351,4
noon,noun,7425,4
exhibit,noun,7326,7
identical,adjective,7247,9
precise,adjective,7211,7
anxious,adjective,7096,7
structural,adjective,7870,10
residential,adjective,7415,11
carbohydrate,noun,8057,12
liberty,noun,7442,7
poster,noun,7069,6
theology,noun,7866,8
nonprofit,adjective,7482,9
oxygen,noun,7191,6
handsome,adjective,7512,8
magic,noun,7415,5
sum,noun,7217,3
businessman,noun,7190,11
promising,adjective,7075,9
conscious,adjective,7152,9
determination,noun,7170,13
donor,noun,7231,5
pastor,noun,7260,6
jazz,noun,7220,4
opera,noun,7332,5
Japanese,noun,7419,8
bite,noun,7160,4
evil,adjective,7045,4
acquisition,noun,7338,11
pit,noun,7132,3
wildlife,noun,7361,8
giant,noun,7102,5
primary,noun,7823,7
equity,noun,7277,6
doorway,noun,7914,7
departure,noun,7008,9
elevator,noun,7535,8
teenage,adjective,7030,7
guidance,noun,7399,8
happiness,noun,7036,9
statue,noun,7058,6
pursuit,noun,7070,7
repair,noun,7088,6
decent,adjective,6954,6
gym,noun,7229,3
oral,adjective,7448,4
clerk,noun,7234,5
Israeli,noun,7673,7
envelope,noun,7241,8
reporting,noun,7184,9
destination,noun,7039,11
fist,noun,7729,4
exploration,noun,7294,11
generous,adjective,6907,8
bath,noun,7149,4
rescue,noun,7094,6
indicator,noun,7574,9
sunlight,noun,7349,8
feedback,noun,7735,8
spectrum,noun,7216,8
purple,adjective,7216,6
laser,noun,7197,5
bold,adjective,6936,4
reluctant,adjective,6842,9
starting,noun,7118,8
expertise,noun,7219,9
tune,noun,6887,4
eating,noun,7067,6
hint,noun,6951,4
parade,noun,7010,6
realm,noun,7261,5
ban,noun,7070,3
therapist,noun,7170,9
pizza,noun,7130,5
recipient,noun,7126,9
accounting,noun,7319,10
bias,noun,7388,4
metaphor,noun,7461,8
candle,noun,7204,6
handle,noun,7101,6
worry,noun,6811,5
judicial,adjective,7213,8
entity,noun,7276,6
suffering,noun,6955,9
full-time,adjective,6945,9
feel,noun,6939,4
lamp,noun,7290,4
garbage,noun,6933,7
servant,noun,7064,7
addition,noun,7027,8
regulatory,adjective,7274,10
diplomatic,adjective,7193,10
elegant,adjective,6974,7
inside,noun,6955,6
reception,noun,6896,9
chin,noun,7585,4
necessity,noun,7071,9
racism,noun,7026,6
starter,noun,7487,7
interior,adjective,6931,8
banking,noun,7120,7
casual,adjective,6946,6
gravity,noun,7000,7
prevention,noun,7352,10
Arab,noun,7222,4
performer,noun,6896,9
intent,noun,6879,6
inventory,noun,7090,9
productive,adjective,7006,10
assembly,noun,6914,8
civic,adjective,7088,5
silk,noun,7128,4
magnitude,noun,7115,9
steep,adjective,6972,5
hostage,noun,8605,7
collector,noun,6976,9
popularity,noun,6836,10
kiss,noun,7195,4
alien,noun,7134,5
dynamic,adjective,7175,7
scary,adjective,6865,5
equation,noun,7372,8
angel,noun,6978,5
switch,noun,6781,6
offering,noun,6856,8
rage,noun,6877,4
photography,noun,7087,11
toilet,noun,6939,6
disappointed,adjective,6724,12
precious,adjective,6716,8
representative,adjective,7008,14
content,adjective,7113,7
realistic,adjective,6786,9
Russian,noun,6891,7
hidden,adjective,6787,6
tender,adjective,7013,6
wake,noun,6630,4
gathering,noun,6671,9
outstanding,adjective,6803,11
lonely,adjective,6868,6
automobile,noun,6829,10
artificial,adjective,6730,10
dawn,noun,6929,4
abstract,adjective,7165,8
silly,adjective,6857,5
tide,noun,6698,4
shared,adjective,7069,6
revolutionary,adjective,6886,13
romance,noun,6705,7
hardware,noun,6951,8
pillow,noun,7122,6
kit,noun,6912,3
cook,noun,6866,4
spread,noun,6686,6
continent,noun,6730,9
circuit,noun,6747,7
sink,noun,7052,4
ruling,noun,6947,6
shortage,noun,6776,8
trap,noun,6694,4
fool,noun,6990,4
deadline,noun,6932,8
rear,adjective,6910,4
processing,noun,7220,10
ranch,noun,6759,5
coastal,adjective,6880,7
burning,adjective,6665,7
verbal,adjective,7227,6
tribal,adjective,6995,6
ridiculous,adjective,6695,10
automatic,adjective,6580,9
diamond,noun,6743,7
credibility,noun,6742,11
import,noun,6944,6
divine,adjective,7059,6
sentiment,noun,6658,9
cart,noun,6822,4
elder,noun,6808,5
pro,noun,6867,3
inspiration,noun,6584,11
Dutch,adjective,6690,5
quantity,noun,6833,8
trailer,noun,6713,7
mate,noun,6693,4
Greek,adjective,6642,5
genius,noun,6509,6
monument,noun,6680,8
bid,noun,6954,3
quest,noun,6613,5
sacrifice,noun,6591,9
invitation,noun,6460,10
accuracy,noun,6942,8
juror,noun,7497,5
broker,noun,6929,6
treasure,noun,6648,8
loyalty,noun,6604,7
talented,adjective,6584,8
gasoline,noun,6696,8
stiff,adjective,6697,5
output,noun,7041,6
nominee,noun,7138,7
extended,adjective,6641,8
diabetes,noun,7073,8
toxic,adjective,6672,5
alleged,adjective,6658,7
jaw,noun,6922,3
grief,noun,6591,5
mysterious,adjective,6484,10
rocket,noun,6722,6
inmate,noun,6718,6
dynamics,noun,7084,8
bow,noun,6800,3
senior,noun,6768,6
dignity,noun,6585,7
carpet,noun,6658,6
parental,adjective,7251,8
bubble,noun,6570,6
buddy,noun,6554,5
barn,noun,6785,4
sword,noun,7029,5
flash,noun,6741,5
glory,noun,6443,5
protective,adjective,6503,10
drum,noun,6423,4
faint,adjective,6886,5
queen,noun,6606,5
dilemma,noun,6703,7
input,noun,7004,5
northeast,noun,6500,9
shallow,adjective,6512,7
liability,noun,6775,9
merchant,noun,6474,8
stadium,noun,6977,7
improved,adjective,6720,8
bloody,adjective,6513,6
defeat,noun,6380,6
associated,adjective,6754,10
withdrawal,noun,6624,10
refrigerator,noun,6497,12
nest,noun,6541,4
near,adjective,6296,4
lane,noun,6540,4
ancestor,noun,6529,8
steam,noun,6426,5
accent,noun,6486,6
escape,noun,6358,6
optimistic,adjective,6412,10
cage,noun,6621,4
shrimp,noun,6631,6
homeland,noun,6726,8
rack,noun,6677,4
costume,noun,6349,7
wolf,noun,6718,4
courtroom,noun,6772,9
statute,noun,6838,7
cartoon,noun,6403,7
productivity,noun,6651,12
symbolic,adjective,6755,8
seal,noun,6543,4
bug,noun,6541,3
aunt,noun,6662,4
agriculture,noun,6621,11
hostile,adjective,6319,7
combined,adjective,6495,8
bankruptcy,noun,6690,10
vaccine,noun,6761,7
bonus,noun,6531,5
collaboration,noun,6889,13
mixed,adjective,6327,5
orbit,noun,6490,5
patience,noun,6532,8
tropical,adjective,6473,8
voting,noun,6621,6
patrol,noun,6382,6
willingness,noun,6461,11
revelation,noun,6297,10
rent,noun,6360,4
jewelry,noun,6338,7
Cuban,adjective,6601,5
trace,noun,6345,5
wagon,noun,6577,5
spectacular,adjective,6276,11
sheer,adjective,6209,5
prior,adjective,6720,5
immune,adjective,6492,6
reliability,noun,7053,11
ass,noun,6911,3
bush,noun,6307,4
exotic,adjective,6185,6
fascinating,adjective,6231,11
secure,adjective,6138,6
clip,noun,6660,4
thigh,noun,6576,5
bull,noun,6346,4
drawer,noun,6665,6
sheep,noun,6320,5
coordinator,noun,6478,11
ideological,adjective,6793,11
runner,noun,6333,6
secular,adjective,6560,7
intimate,adjective,6143,8
empire,noun,6268,6
cab,noun,6561,3
exam,noun,6176,4
documentary,noun,6321,11
neutral,adjective,6331,7
biology,noun,6334,7
flexible,adjective,6312,8
progressive,adjective,6387,11
web,noun,6411,3
conspiracy,noun,6261,10
catch,noun,6377,5
casualty,noun,6439,8
republic,noun,7519,8
execution,noun,6278,9
terrific,adjective,6356,8
whale,noun,6928,5
functional,adjective,6736,10
instinct,noun,6076,8
teammate,noun,6572,8
aluminum,noun,6468,8
ministry,noun,6250,8
verdict,noun,6529,7
skull,noun,6313,5
self-esteem,noun,6727,11
ease,noun,6103,4
cooperative,adjective,6671,11
bee,noun,6342,3
practitioner,noun,6670,12
loop,noun,6175,4
puzzle,noun,6153,6
mushroom,noun,6454,8
subsidy,noun,6236,7
tragic,adjective,6038,6
mathematics,noun,6828,11
mechanic,noun,6092,8
jar,noun,6284,3
earthquake,noun,6439,10
pork,noun,6261,4
creativity,noun,6452,10
underlying,adjective,6340,10
dessert,noun,6286,7
sympathy,noun,6044,8
fisherman,noun,6317,9
isolation,noun,6251,9
sock,noun,6273,4
jump,noun,6088,4
sexy,adjective,6300,4
entrepreneur,noun,6238,12
syndrome,noun,6157,8
bureau,noun,6199,6
workplace,noun,6186,9
ambition,noun,5962,8
touchdown,noun,6954,9
breeze,noun,6423,6
costly,adjective,6130,6
ambitious,adjective,6040,9
Christianity,noun,6312,12
influential,adjective,6161,11
translation,noun,6266,11
uncertain,adjective,5951,9
statistical,adjective,6634,11
gut,noun,6067,3
metropolitan,adjective,6149,12
rolling,adjective,6066,7
aesthetic,adjective,6647,9
booth,noun,6191,5
helmet,noun,6203,6
waist,noun,6394,5
expected,adjective,6144,8
lion,noun,6075,4
accomplishment,noun,5980,14
royal,adjective,6028,5
panic,noun,6087,5
cast,noun,6007,4
cliff,noun,6117,5
minimal,adjective,6176,7
cord,noun,6071,4
cocaine,noun,6207,7
illusion,noun,6035,8
anonymous,adjective,5949,9
appreciation,noun,6054,12
commissioner,noun,6303,12
flexibility,noun,6149,11
instructional,adjective,7014,13
casino,noun,6205,6
tumor,noun,6427,5
pulse,noun,5992,5
equivalent,noun,5935,10
fixed,adjective,6042,5
experienced,adjective,6031,11
donation,noun,6086,8
diary,noun,5945,5
sibling,noun,6102,7
irony,noun,5818,5
spoon,noun,6194,5
midst,noun,5760,5
alley,noun,6236,5
upset,adjective,5954,5
soap,noun,5952,4
cute,adjective,6089,4
rival,noun,6005,5
short-term,adjective,5998,10
pin,noun,6000,3
hockey,noun,6171,6
passing,adjective,5903,7
supplier,noun,6038,8
known,adjective,5892,5
momentum,noun,5911,8
purse,noun,6161,5
liquid,noun,5948,6
icon,noun,6030,4
elephant,noun,6038,8
legislature,noun,6027,11
associate,noun,5860,9
franchise,noun,6332,9
bicycle,noun,5960,7
encouraging,adjective,5868,11
fever,noun,5874,5
filter,noun,6210,6
rabbit,noun,6095,6
coin,noun,5947,4
accessible,adjective,5965,10
organism,noun,6210,8
sensation,noun,5882,9
stay,noun,5779,4
dried,adjective,6109,5
minimum,noun,5867,7
pro,adjective,6101,3
conservation,noun,6129,12
backyard,noun,5890,8
charter,noun,6011,7
stove,noun,6082,5
consent,noun,6239,7
reminder,noun,5681,8
placement,noun,6275,9
dough,noun,6294,5
grandchild,noun,5826,10
dam,noun,5968,3
well-known,adjective,5782,10
surrounding,adjective,5826,11
ecological,adjective,6443,10
outfit,noun,5850,6
unprecedented,adjective,5798,13
columnist,noun,5997,9
workout,noun,6414,7
preliminary,adjective,5908,11
patent,noun,6024,6
shy,adjective,5806,3
quote,noun,6228,5
trash,noun,5811,5
disabled,adjective,5952,8
gross,adjective,5802,5
damn,adjective,6269,4
hormone,noun,6230,7
texture,noun,5994,7
pencil,noun,5936,6
associate,adjective,5859,9
frontier,noun,5897,8
spray,noun,6005,5
bet,noun,5801,3
custody,noun,5957,7
banker,noun,5933,6
beast,noun,6052,5
oak,noun,5938,3
notebook,noun,5884,8
attendance,noun,5963,10
speculation,noun,5698,11
innovative,adjective,5921,10
shark,noun,6164,5
mill,noun,5761,4
installation,noun,5938,12
tag,noun,5735,3
vertical,adjective,5950,8
swimming,noun,5735,8
fleet,noun,5781,5
catalog,noun,5925,7
outsider,noun,5690,8
stance,noun,5812,6
sensitivity,noun,5981,11
instant,adjective,5765,7
debut,noun,5986,5
required,adjective,5953,8
confrontation,noun,5762,13
colorful,adjective,5773,8
ideal,noun,5978,5
constitution,noun,6111,12
trainer,noun,5845,7
Thanksgiving,noun,5859,12
scent,noun,6050,5
stack,noun,5858,5
eyebrow,noun,6212,7
sack,noun,5880,4
tray,noun,6021,4
pioneer,noun,5755,7
organizational,adjective,6445,14
textbook,noun,5968,8
nasty,adjective,5682,5
emerging,adjective,5942,8
dot,noun,5795,3
wheat,noun,5730,5
fierce,adjective,5622,6
rational,adjective,5941,8
kingdom,noun,5674,7
aisle,noun,5828,5
protocol,noun,6031,8
vocal,adjective,5727,5
marketplace,noun,5650,11
unfair,adjective,5656,6
terrain,noun,5873,7
risky,adjective,5632,5
pasta,noun,6062,5
genre,noun,5919,5
merit,noun,5670,5
planner,noun,5797,7
depressed,adjective,5543,9
chunk,noun,5682,5
closest,adjective,5506,7
discount,noun,5809,8
ladder,noun,5720,6
jungle,noun,5693,6
migration,noun,6067,9
breathing,noun,5798,9
hurricane,noun,6439,9
retailer,noun,5915,8
coup,noun,6179,4
ambassador,noun,5847,10
density,noun,6040,7
supportive,adjective,5662,10
curiosity,noun,5630,9
aggression,noun,6215,10
stimulus,noun,6215,8
journalism,noun,5684,10
robot,noun,6023,5
informal,adjective,5931,8
Persian,adjective,6340,7
feather,noun,5744,7
sphere,noun,5881,6
perceived,adjective,6386,9
sole,adjective,5535,4
publicity,noun,5557,9
major,noun,5678,5
well-being,noun,6005,10
validity,noun,6401,8
ecosystem,noun,6215,9
partial,adjective,5716,7
collar,noun,5791,6
weed,noun,5642,4
compliance,noun,5973,10
streak,noun,5826,6
added,adjective,5616,5
builder,noun,5720,7
glimpse,noun,5567,7
premise,noun,5695,7
specialty,noun,5622,9
artifact,noun,5773,8
monkey,noun,5698,6
mentor,noun,5757,6
listener,noun,5621,8
lightning,noun,5674,9
sleeve,noun,5855,6
disappointment,noun,5464,14
rib,noun,5662,3
excessive,adjective,5633,9
high-tech,adjective,5681,9
debris,noun,5491,6
rod,noun,5788,3
logical,adjective,5644,7
liberal,noun,5677,7
ash,noun,5647,3
parish,noun,5723,6
slavery,noun,5712,7
blank,adjective,5585,5
commodity,noun,5659,9
cure,noun,5468,4
mineral,noun,5758,7
hunger,noun,5460,6
dying,adjective,5504,5
developmental,adjective,6255,13
faster,adjective,5538,6
equality,noun,5841,8
cemetery,noun,5584,8
harassment,noun,5882,10
fame,noun,5485,4
striking,adjective,5516,8
likelihood,noun,5790,10
carrot,noun,5718,6
toll,noun,5587,4
rim,noun,5676,3
embarrassed,adjective,5627,11
fucking,adjective,6472,7
isolated,adjective,5482,8
suspicious,adjective,5412,10
wheelchair,noun,5670,10
squad,noun,5520,5
eligible,adjective,5529,8
processor,noun,5882,9
sponsor,noun,5622,7
grin,noun,5944,4
demographic,adjective,6103,11
chill,noun,5675,5
refuge,noun,5505,6
legislator,noun,5593,10
rally,noun,5619,5
programming,noun,5507,11
outlet,noun,5497,6
intact,adjective,5350,6
vendor,noun,5543,6
peanut,noun,5604,6
elaborate,adjective,5349,9
intellectual,noun,5773,12
conception,noun,5953,10
auction,noun,5621,7
steak,noun,5596,5
triumph,noun,5337,7
shareholder,noun,5742,11
comparable,adjective,5600,10
conscience,noun,5317,10
calculation,noun,5577,11
interval,noun,5708,8
awake,adjective,5806,5
jurisdiction,noun,5691,12
feminist,adjective,5719,8
constraint,noun,5942,10
expedition,noun,5467,10
similarity,noun,5709,10
butt,noun,5490,4
lid,noun,5558,3
dumb,adjective,5486,4
bulk,noun,5324,4
mortality,noun,5785,9
philosophical,adjective,5731,13
conversion,noun,5627,10
patron,noun,5331,6
municipal,adjective,5536,9
liver,noun,5415,5
harmony,noun,5410,7
tolerance,noun,5513,9
instant,noun,5755,7
goat,noun,5459,4
blessing,noun,5222,8
banana,noun,5458,6
running,noun,5271,7
palace,noun,5347,6
peasant,noun,5609,7
neat,adjective,5359,4
grandparent,noun,5334,11
lawmaker,noun,5755,8
supermarket,noun,5389,11
cruise,noun,5434,6
mobile,adjective,5339,6
plain,noun,5337,5
calendar,noun,5258,8
widow,noun,5309,5
deposit,noun,5497,7
beard,noun,5528,5
brake,noun,5522,5
screening,noun,5407,9
impulse,noun,5305,7
fur,noun,5466,3
brutal,adjective,5193,6
predator,noun,5400,8
voluntary,adjective,5504,9
valid,adjective,5509,5
forum,noun,5419,5
dancing,noun,5243,7
removal,noun,5488,7
autonomy,noun,5849,8
thread,noun,5340,6
landmark,noun,5332,8
unhappy,adjective,5162,7
offender,noun,5417,8
coming,adjective,5181,6
fraction,noun,5313,8
distinctive,adjective,5373,11
tourism,noun,5429,7
threshold,noun,5490,9
calm,adjective,5309,4
suite,noun,5321,5
regulator,noun,5462,9
straw,noun,5297,5
theological,adjective,5684,11
globe,noun,5166,5
fragile,adjective,5125,7
objection,noun,5276,9
chemistry,noun,5192,9
old-fashioned,adjective,5200,13
crowded,adjective,5196,7
blast,noun,5241,5
denial,noun,5207,6
rental,noun,5357,6
fantastic,adjective,5269,9
fragment,noun,5308,8
level,adjective,5367,5
warmth,noun,5383,6
undergraduate,noun,5683,13
liquid,adjective,5265,6
headache,noun,5256,8
policeman,noun,5278,9
yield,noun,5648,5
projection,noun,5288,10
suitable,adjective,5291,8
mention,noun,5137,7
graduation,noun,5218,10
cruel,adjective,5128,5
mansion,noun,5233,7
regard,noun,5263,6
grape,noun,5318,5
cottage,noun,5328,7
driveway,noun,5459,8
charm,noun,5157,5
sexuality,noun,5531,9
loyal,adjective,5066,5
clay,noun,5287,4
balloon,noun,5187,7
invention,noun,5211,9
ego,noun,5239,3
fare,noun,5362,4
homework,noun,5093,8
disc,noun,5403,4
sofa,noun,5499,4
guarantee,noun,5205,9
availability,noun,5519,12
radar,noun,5221,5
leave,noun,5087,5
permit,noun,5305,6
sweater,noun,5392,7
rehabilitation,noun,5547,14
rubber,adjective,5190,6
retreat,noun,5132,7
molecule,noun,5445,8
favorable,adjective,5324,9
veteran,adjective,5312,7
integrated,adjective,5455,10
youngster,noun,5184,9
premium,noun,5279,7
accountability,noun,5409,14
fatigue,noun,5214,7
marker,noun,5156,6
bucket,noun,5233,6
blond,adjective,5479,5
confession,noun,5074,10
marble,noun,5210,6
twist,noun,5060,5
defender,noun,5136,8
explicit,adjective,5461,8
transport,noun,5313,9
disturbing,adjective,4990,10
surveillance,noun,5132,12
magnetic,adjective,5377,8
technician,noun,5048,10
devastating,adjective,5055,11
arrow,noun,5208,5
trauma,noun,5880,6
neighboring,adjective,5082,11
ribbon,noun,5159,6
meantime,noun,5022,8
harvest,noun,5125,7
consecutive,adjective,5471,11
republican,adjective,5297,10
worldwide,adjective,5089,9
spy,noun,5076,3
slot,noun,5130,4
riot,noun,5203,4
nutrient,noun,5426,8
citizenship,noun,5602,11
sovereignty,noun,5541,11
ridge,noun,5229,5
brave,adjective,5061,5
lighting,noun,5081,8
contributor,noun,5084,11
transit,noun,5226,7
dense,adjective,5061,5
seminar,noun,5106,7
electronics,noun,5116,11
sunny,adjective,5117,5
shorts,noun,5148,6
accusation,noun,4987,10
cue,noun,5186,3
bride,noun,5613,5
biography,noun,5015,9
hazard,noun,5159,6
compelling,adjective,4995,10
tile,noun,5200,4
troubled,adjective,4991,8
balanced,adjective,5486,8
foreigner,noun,5076,9
launch,noun,5080,6
convenience,noun,4972,11
delight,noun,5038,7
timber,noun,5150,6
plea,noun,5000,4
bulb,noun,5157,4
flying,adjective,5056,6
sustainable,adjective,5339,11
devil,noun,5051,5
bolt,noun,5148,4
cargo,noun,4991,5
spine,noun,5110,5
seller,noun,5083,6
skilled,adjective,5047,7
managing,adjective,5126,8
marine,adjective,5154,6
dock,noun,5178,4
organized,adjective,5011,9
fog,noun,5186,3
diplomat,noun,5185,8
boring,adjective,4922,6
summary,noun,5304,7
missionary,noun,5438,10
epidemic,noun,5010,8
fatal,adjective,4875,5
warehouse,noun,5020,9
butterfly,noun,5031,9
bronze,noun,5118,6
inherent,adjective,5339,8
praise,noun,4896,6
vacuum,noun,5028,6
selected,adjective,5315,8
stereotype,noun,5109,10
sensor,noun,5154,6
laundry,noun,5063,7
manual,noun,5040,6
pistol,noun,5261,6
naval,adjective,4990,5
plaintiff,noun,5312,9
middle-class,adjective,5025,12
apology,noun,4972,7
